"com_arm_code","com_arm_name","com_code","com_name","epci_code","epci_name","dep_code","dep_name","reg_code","reg_name","id_programme","libelle_programme","type_programme","operateur","debut_programme","fin_programme"
"95002","Ableiges","95002","Ableiges","200035970","Communauté de communes Vexin Centre","95","Val-d'Oise","11","Île-de-France","095OPA004","OPAH PARC NATUREL REGIONAL VEXIN FRANÇAIS","OPAH / OPAH-D","PACT ARIM DU VAL D'OISE","2003-08-01","2007-12-31"
"95002","Ableiges","95002","Ableiges","200035970","Communauté de communes Vexin Centre","95","Val-d'Oise","11","Île-de-France","095PIG001","PROGRAMME D'INTERET GENERAL PIG LOGEMENTS VACANTS","PIG","PACT ARIM DU VAL D'OISE","2007-01-01","2007-12-31"
"95008","Aincourt","95008","Aincourt","249500513","Communauté de communes du Vexin-Val de Seine","95","Val-d'Oise","11","Île-de-France","095PIG001","PROGRAMME D'INTERET GENERAL PIG LOGEMENTS VACANTS","PIG","PACT ARIM DU VAL D'OISE","2007-01-01","2007-12-31"
"95008","Aincourt","95008","Aincourt","249500513","Communauté de communes du Vexin-Val de Seine","95","Val-d'Oise","11","Île-de-France","095OPA004","OPAH PARC NATUREL REGIONAL VEXIN FRANÇAIS","OPAH / OPAH-D","PACT ARIM DU VAL D'OISE","2003-08-01","2007-12-31"
"95011","Ambleville","95011","Ambleville","249500513","Communauté de communes du Vexin-Val de Seine","95","Val-d'Oise","11","Île-de-France","095PIG001","PROGRAMME D'INTERET GENERAL PIG LOGEMENTS VACANTS","PIG","PACT ARIM DU VAL D'OISE","2007-01-01","2007-12-31"
"95012","Amenucourt","95012","Amenucourt","249500513","Communauté de communes du Vexin-Val de Seine","95","Val-d'Oise","11","Île-de-France","095PIG001","PROGRAMME D'INTERET GENERAL PIG LOGEMENTS VACANTS","PIG","PACT ARIM DU VAL D'OISE","2007-01-01","2007-12-31"
"95012","Amenucourt","95012","Amenucourt","249500513","Communauté de communes du Vexin-Val de Seine","95","Val-d'Oise","11","Île-de-France","095OPA004","OPAH PARC NATUREL REGIONAL VEXIN FRANÇAIS","OPAH / OPAH-D","PACT ARIM DU VAL D'OISE","2003-08-01","2007-12-31"
"95014","Andilly","95014","Andilly","200056380","Communauté d'agglomération Plaine Vallée","95","Val-d'Oise","11","Île-de-France","095PIG001","PROGRAMME D'INTERET GENERAL PIG LOGEMENTS VACANTS","PIG","PACT ARIM DU VAL D'OISE","2007-01-01","2007-12-31"
"95018","Argenteuil","95018","Argenteuil","200054781","Métropole du Grand Paris","95","Val-d'Oise","11","Île-de-France","095COP017","OPAH COPROPRIETE DEGRADE DE LA COPROPRIETE 2 ALLEE MOLIERE ARGENTEUIL","OPAH-D","SOLIHA PARISHAUTS DE SEINEVAL D'OISE","2010-01-01","2014-12-31"
"95018","Argenteuil","95018","Argenteuil","200054781","Métropole du Grand Paris","95","Val-d'Oise","11","Île-de-France","095COP015","OPAH DEGRADEE VAL D'ARGENT III ARGENTEUIL","OPAH-D","SOLIHA PARIS.HAUTS DE SEINE.VAL D'OISE","2010-01-01","2014-12-31"
"95018","Argenteuil","95018","Argenteuil","200054781","Métropole du Grand Paris","95","Val-d'Oise","11","Île-de-France","095COP020","OPAH DEGRADEE VAL D'ARGENT I ET VAL D'ARGENT II ARGENTEUIL","OPAH-D","URBANIS","2010-01-01","2014-12-31"
"95018","Argenteuil","95018","Argenteuil","200054781","Métropole du Grand Paris","95","Val-d'Oise","11","Île-de-France","095OPA009","OPAH RU QUARTIER VAL NOTRE DAME A ARGENTEUIL","OPAH-RU","APIC","2022-12-27","2027-12-27"
"95018","Argenteuil","95018","Argenteuil","200054781","Métropole du Grand Paris","95","Val-d'Oise","11","Île-de-France","095POP009","INGENIERIE POPAC VAL D'OISE","POPAC","SOLIHA PARIS HAUTE DE SEINE VAL D'OISE","2020-11-01","2023-11-01"
"95018","Argenteuil","95018","Argenteuil","200054781","Métropole du Grand Paris","95","Val-d'Oise","11","Île-de-France","095POP008","INGENIERIE POPAC VAL D'OISE","POPAC","URBANIS","2020-11-01","2023-11-01"
"95018","Argenteuil","95018","Argenteuil","200054781","Métropole du Grand Paris","95","Val-d'Oise","11","Île-de-France","095PIG003","PIG DU QUARTIER VAL D'ARGENT ARGENTEUIL","PIG","URBANIS","2015-08-06","2018-12-31"
"95018","Argenteuil","95018","Argenteuil","200054781","Métropole du Grand Paris","95","Val-d'Oise","11","Île-de-France","095COP019","PLS 2 PLACE DES CANUTS ARGENTEUIL","PLS","OZONE","2009-11-18","2014-11-17"
"95018","Argenteuil","95018","Argenteuil","200054781","Métropole du Grand Paris","95","Val-d'Oise","11","Île-de-France","095OPA005","VOLETS COPROPRIETES DEGRADEES DE L'OPAH RU ARGENTEUIL CENTRE VILLE ET COLONIE","OPAH-D","CABINET URBANIS","2006-01-01","2010-12-31"
"95018","Argenteuil","95018","Argenteuil","200054781","Métropole du Grand Paris","95","Val-d'Oise","11","Île-de-France","095COP100","OPAH COPROPRIETE DEGRADE DE LA COPROPRIETE 2 ALLEE FRANÇOIS VILLON ARGENTEUIL","OPAH-D","SOLIHA PARIS HAUTE DE SEINE VAL D'OISE","2010-10-15","2015-10-14"
"95018","Argenteuil","95018","Argenteuil","200054781","Métropole du Grand Paris","95","Val-d'Oise","11","Île-de-France","095PIG001","PROGRAMME D'INTERET GENERAL PIG LOGEMENTS VACANTS","PIG","PACT ARIM DU VAL D'OISE","2007-01-01","2007-12-31"
"95018","Argenteuil","95018","Argenteuil","200054781","Métropole du Grand Paris","95","Val-d'Oise","11","Île-de-France","095COP018","OPAH DEGRADEE 3 ALLEE FRANÇOIS VILLON ARGENTEUIL","OPAH-D","SOLIHA PARIS HAUTE DE SEINE VAL D'OISE","2010-01-01","2014-12-31"
"95018","Argenteuil","95018","Argenteuil","200054781","Métropole du Grand Paris","95","Val-d'Oise","11","Île-de-France","095OPA005","OPAH RU ARGENTEUIL CENTRE VILLE ET COLONIE","OPAH-RU","CABINET URBANIS","2006-01-01","2010-12-31"
"95018","Argenteuil","95018","Argenteuil","200054781","Métropole du Grand Paris","95","Val-d'Oise","11","Île-de-France","095COP021","OPAH COPROPRIETE DEGRADE DE LA COPROPRIETE MONTIGNY ARGENTEUIL","OPAH-D","OZONE","2010-01-01","2014-12-31"
"95018","Argenteuil","95018","Argenteuil","200054781","Métropole du Grand Paris","95","Val-d'Oise","11","Île-de-France","095COP045","PLS SQUARE JEAN DE LA FONTAINE ARGENTEUIL","PLS","URBANIS","2021-02-15","2028-02-14"
"95018","Argenteuil","95018","Argenteuil","200054781","Métropole du Grand Paris","95","Val-d'Oise","11","Île-de-France","095COP101","OPAH DEGRADEE 4 ALLEE FRANÇOIS VILLON ARGENTEUIL","OPAH-D","SOLIHA PARIS HAUTE DE SEINE VAL D'OISE","2010-10-15","2015-10-14"
"95018","Argenteuil","95018","Argenteuil","200054781","Métropole du Grand Paris","95","Val-d'Oise","11","Île-de-France","095POP010","INGENIERIE POPAC VAL D'OISE","POPAC","URBANIS","2020-11-01","2023-11-01"
"95018","Argenteuil","95018","Argenteuil","200054781","Métropole du Grand Paris","95","Val-d'Oise","11","Île-de-France","095COP016","PLS 12 PLACE DESSAU ARGENTEUIL","PLS","OZONE","2009-11-18","2014-11-17"
"95018","Argenteuil","95018","Argenteuil","200054781","Métropole du Grand Paris","95","Val-d'Oise","11","Île-de-France","095COP042","OPAH CD COPROPRIETE DEGRADE 2 VILLON","OPAH-D","SOLIHA PARIS HAUTE DE SEINE VAL D'OISE","2018-08-06","2023-08-05"
"95018","Argenteuil","95018","Argenteuil","200054781","Métropole du Grand Paris","95","Val-d'Oise","11","Île-de-France","095COP007","PLAN DE SAUVEGARDE ARGENTEUIL BEAUCHAMP QUARTIER VAL D'ARGENT","PLS","OZONE","2002-10-28","2007-12-23"
"95018","Argenteuil","95018","Argenteuil","200054781","Métropole du Grand Paris","95","Val-d'Oise","11","Île-de-France","095POP011","INGENIERIE POPAC VAL D'OISE","POPAC","SOLIHA PARIS HAUTE DE SEINE VAL D'OISE","2020-11-01","2023-11-01"
"95018","Argenteuil","95018","Argenteuil","200054781","Métropole du Grand Paris","95","Val-d'Oise","11","Île-de-France","095POP005","INGENIERIE POPAC VAL D'OISE","POPAC","URBANIS","2019-01-07","2022-01-07"
"95018","Argenteuil","95018","Argenteuil","200054781","Métropole du Grand Paris","95","Val-d'Oise","11","Île-de-France","095COP041","OPAH CD COPROPRIETE DEGRADE 3 ET 4 VILLON","OPAH-D","SOLIHA PARIS HAUTE DE SEINE VAL D'OISE","2017-10-30","2022-10-29"
"95018","Argenteuil","95018","Argenteuil","200054781","Métropole du Grand Paris","95","Val-d'Oise","11","Île-de-France","095COP038","OPAH CD COPROPRIETE 2 MOLIERE","OPAH-D","SOLIHA PARIS HAUTE DE SEINE VAL D'OISE","2017-03-29","2022-03-28"
"95019","Arnouville","95019","Arnouville","200055655","Communauté d'agglomération Roissy Pays de France","95","Val-d'Oise","11","Île-de-France","095PIG001","PROGRAMME D'INTERET GENERAL PIG LOGEMENTS VACANTS","PIG","PACT ARIM DU VAL D'OISE","2007-01-01","2007-12-31"
"95023","Arronville","95023","Arronville","249500430","Communauté de communes Sausseron Impressionnistes","95","Val-d'Oise","11","Île-de-France","095PIG001","PROGRAMME D'INTERET GENERAL PIG LOGEMENTS VACANTS","PIG","PACT ARIM DU VAL D'OISE","2007-01-01","2007-12-31"
"95023","Arronville","95023","Arronville","249500430","Communauté de communes Sausseron Impressionnistes","95","Val-d'Oise","11","Île-de-France","095OPA004","OPAH PARC NATUREL REGIONAL VEXIN FRANÇAIS","OPAH / OPAH-D","PACT ARIM DU VAL D'OISE","2003-08-01","2007-12-31"
"95024","Arthies","95024","Arthies","249500513","Communauté de communes du Vexin-Val de Seine","95","Val-d'Oise","11","Île-de-France","095OPA004","OPAH PARC NATUREL REGIONAL VEXIN FRANÇAIS","OPAH / OPAH-D","PACT ARIM DU VAL D'OISE","2003-08-01","2007-12-31"
"95024","Arthies","95024","Arthies","249500513","Communauté de communes du Vexin-Val de Seine","95","Val-d'Oise","11","Île-de-France","095PIG001","PROGRAMME D'INTERET GENERAL PIG LOGEMENTS VACANTS","PIG","PACT ARIM DU VAL D'OISE","2007-01-01","2007-12-31"
"95026","Asnières-sur-Oise","95026","Asnières-sur-Oise","200073013","Communauté de communes Carnelle Pays-de-France","95","Val-d'Oise","11","Île-de-France","095PIG001","PROGRAMME D'INTERET GENERAL PIG LOGEMENTS VACANTS","PIG","PACT ARIM DU VAL D'OISE","2007-01-01","2007-12-31"
"95028","Attainville","95028","Attainville","200056380","Communauté d'agglomération Plaine Vallée","95","Val-d'Oise","11","Île-de-France","095PIG001","PROGRAMME D'INTERET GENERAL PIG LOGEMENTS VACANTS","PIG","PACT ARIM DU VAL D'OISE","2007-01-01","2007-12-31"
"95039","Auvers-sur-Oise","95039","Auvers-sur-Oise","249500430","Communauté de communes Sausseron Impressionnistes","95","Val-d'Oise","11","Île-de-France","095OPA004","OPAH PARC NATUREL REGIONAL VEXIN FRANÇAIS","OPAH / OPAH-D","PACT ARIM DU VAL D'OISE","2003-08-01","2007-12-31"
"95039","Auvers-sur-Oise","95039","Auvers-sur-Oise","249500430","Communauté de communes Sausseron Impressionnistes","95","Val-d'Oise","11","Île-de-France","095PIG001","PROGRAMME D'INTERET GENERAL PIG LOGEMENTS VACANTS","PIG","PACT ARIM DU VAL D'OISE","2007-01-01","2007-12-31"
"95040","Avernes","95040","Avernes","200035970","Communauté de communes Vexin Centre","95","Val-d'Oise","11","Île-de-France","095PIG001","PROGRAMME D'INTERET GENERAL PIG LOGEMENTS VACANTS","PIG","PACT ARIM DU VAL D'OISE","2007-01-01","2007-12-31"
"95040","Avernes","95040","Avernes","200035970","Communauté de communes Vexin Centre","95","Val-d'Oise","11","Île-de-France","095OPA004","OPAH PARC NATUREL REGIONAL VEXIN FRANÇAIS","OPAH / OPAH-D","PACT ARIM DU VAL D'OISE","2003-08-01","2007-12-31"
"95042","Baillet-en-France","95042","Baillet-en-France","200073013","Communauté de communes Carnelle Pays-de-France","95","Val-d'Oise","11","Île-de-France","095PIG001","PROGRAMME D'INTERET GENERAL PIG LOGEMENTS VACANTS","PIG","PACT ARIM DU VAL D'OISE","2007-01-01","2007-12-31"
"95046","Banthelu","95046","Banthelu","249500513","Communauté de communes du Vexin-Val de Seine","95","Val-d'Oise","11","Île-de-France","095OPA004","OPAH PARC NATUREL REGIONAL VEXIN FRANÇAIS","OPAH / OPAH-D","PACT ARIM DU VAL D'OISE","2003-08-01","2007-12-31"
"95046","Banthelu","95046","Banthelu","249500513","Communauté de communes du Vexin-Val de Seine","95","Val-d'Oise","11","Île-de-France","095PIG001","PROGRAMME D'INTERET GENERAL PIG LOGEMENTS VACANTS","PIG","PACT ARIM DU VAL D'OISE","2007-01-01","2007-12-31"
"95051","Beauchamp","95051","Beauchamp","200058485","Communauté d'agglomération Val Parisis","95","Val-d'Oise","11","Île-de-France","095PIG001","PROGRAMME D'INTERET GENERAL PIG LOGEMENTS VACANTS","PIG","PACT ARIM DU VAL D'OISE","2007-01-01","2007-12-31"
"95052","Beaumont-sur-Oise","95052","Beaumont-sur-Oise","249500489","Communauté de communes du Haut Val d'Oise","95","Val-d'Oise","11","Île-de-France","095PIG001","PROGRAMME D'INTERET GENERAL PIG LOGEMENTS VACANTS","PIG","PACT ARIM DU VAL D'OISE","2007-01-01","2007-12-31"
"95052","Beaumont-sur-Oise","95052","Beaumont-sur-Oise","249500489","Communauté de communes du Haut Val d'Oise","95","Val-d'Oise","11","Île-de-France","095OPA011","OPAH CCHVO","OPAH","CITEMETRIE ANTENNE REGIONALE ILE DE FRANCE","2024-10-01","2027-09-30"
"95052","Beaumont-sur-Oise","95052","Beaumont-sur-Oise","249500489","Communauté de communes du Haut Val d'Oise","95","Val-d'Oise","11","Île-de-France","095PIG002","PIG HABITER MIEUX CCHVO","PIG","SOLIHA PARIS.HAUTS DE SEINE.VAL D'OISE","2014-02-21","2018-12-31"
"95052","Beaumont-sur-Oise","95052","Beaumont-sur-Oise","249500489","Communauté de communes du Haut Val d'Oise","95","Val-d'Oise","11","Île-de-France","095OPA010","OPAH RU PERSAN BEAUMONT SUR OISE","OPAH-RU","CITEMETRIE","2024-10-01","2029-09-30"
"95052","Beaumont-sur-Oise","95052","Beaumont-sur-Oise","249500489","Communauté de communes du Haut Val d'Oise","95","Val-d'Oise","11","Île-de-France","095COP040","OPAH COPRO DEGRADEE CC DU HAUT VAL D'OISE CCHVO","OPAH-D","SOLIHA PARIS.HAUTS DE SEINE.VAL D'OISE","2014-02-21","2018-12-31"
"95052","Beaumont-sur-Oise","95052","Beaumont-sur-Oise","249500489","Communauté de communes du Haut Val d'Oise","95","Val-d'Oise","11","Île-de-France","095OPA007","OPAH CC DU HAUT VAL D'OISE CCHVO","OPAH","SOLIHA PARIS.HAUTS DE SEINE.VAL D'OISE","2014-02-21","2018-12-31"
"95054","Le Bellay-en-Vexin","95054","Le Bellay-en-Vexin","200035970","Communauté de communes Vexin Centre","95","Val-d'Oise","11","Île-de-France","095PIG001","PROGRAMME D'INTERET GENERAL PIG LOGEMENTS VACANTS","PIG","PACT ARIM DU VAL D'OISE","2007-01-01","2007-12-31"
"95054","Le Bellay-en-Vexin","95054","Le Bellay-en-Vexin","200035970","Communauté de communes Vexin Centre","95","Val-d'Oise","11","Île-de-France","095OPA004","OPAH PARC NATUREL REGIONAL VEXIN FRANÇAIS","OPAH / OPAH-D","PACT ARIM DU VAL D'OISE","2003-08-01","2007-12-31"
"95055","Bellefontaine","95055","Bellefontaine","200073013","Communauté de communes Carnelle Pays-de-France","95","Val-d'Oise","11","Île-de-France","095PIG001","PROGRAMME D'INTERET GENERAL PIG LOGEMENTS VACANTS","PIG","PACT ARIM DU VAL D'OISE","2007-01-01","2007-12-31"
"95056","Belloy-en-France","95056","Belloy-en-France","200073013","Communauté de communes Carnelle Pays-de-France","95","Val-d'Oise","11","Île-de-France","095PIG001","PROGRAMME D'INTERET GENERAL PIG LOGEMENTS VACANTS","PIG","PACT ARIM DU VAL D'OISE","2007-01-01","2007-12-31"
"95058","Bernes-sur-Oise","95058","Bernes-sur-Oise","249500489","Communauté de communes du Haut Val d'Oise","95","Val-d'Oise","11","Île-de-France","095PIG001","PROGRAMME D'INTERET GENERAL PIG LOGEMENTS VACANTS","PIG","PACT ARIM DU VAL D'OISE","2007-01-01","2007-12-31"
"95058","Bernes-sur-Oise","95058","Bernes-sur-Oise","249500489","Communauté de communes du Haut Val d'Oise","95","Val-d'Oise","11","Île-de-France","095PIG002","PIG HABITER MIEUX CCHVO","PIG","SOLIHA PARIS.HAUTS DE SEINE.VAL D'OISE","2014-02-21","2018-12-31"
"95058","Bernes-sur-Oise","95058","Bernes-sur-Oise","249500489","Communauté de communes du Haut Val d'Oise","95","Val-d'Oise","11","Île-de-France","095OPA007","OPAH CC DU HAUT VAL D'OISE CCHVO","OPAH","SOLIHA PARIS.HAUTS DE SEINE.VAL D'OISE","2014-02-21","2018-12-31"
"95058","Bernes-sur-Oise","95058","Bernes-sur-Oise","249500489","Communauté de communes du Haut Val d'Oise","95","Val-d'Oise","11","Île-de-France","095OPA011","OPAH CCHVO","OPAH","CITEMETRIE ANTENNE REGIONALE ILE DE FRANCE","2024-10-01","2027-09-30"
"95058","Bernes-sur-Oise","95058","Bernes-sur-Oise","249500489","Communauté de communes du Haut Val d'Oise","95","Val-d'Oise","11","Île-de-France","095COP040","OPAH COPRO DEGRADEE CC DU HAUT VAL D'OISE CCHVO","OPAH-D","SOLIHA PARIS.HAUTS DE SEINE.VAL D'OISE","2014-02-21","2018-12-31"
"95059","Berville","95059","Berville","200035970","Communauté de communes Vexin Centre","95","Val-d'Oise","11","Île-de-France","095PIG001","PROGRAMME D'INTERET GENERAL PIG LOGEMENTS VACANTS","PIG","PACT ARIM DU VAL D'OISE","2007-01-01","2007-12-31"
"95059","Berville","95059","Berville","200035970","Communauté de communes Vexin Centre","95","Val-d'Oise","11","Île-de-France","095OPA004","OPAH PARC NATUREL REGIONAL VEXIN FRANÇAIS","OPAH / OPAH-D","PACT ARIM DU VAL D'OISE","2003-08-01","2007-12-31"
"95060","Bessancourt","95060","Bessancourt","200058485","Communauté d'agglomération Val Parisis","95","Val-d'Oise","11","Île-de-France","095PIG001","PROGRAMME D'INTERET GENERAL PIG LOGEMENTS VACANTS","PIG","PACT ARIM DU VAL D'OISE","2007-01-01","2007-12-31"
"95061","Béthemont-la-Forêt","95061","Béthemont-la-Forêt","249500455","Communauté de communes de la Vallée de l'Oise et des Trois Forêts","95","Val-d'Oise","11","Île-de-France","095PIG001","PROGRAMME D'INTERET GENERAL PIG LOGEMENTS VACANTS","PIG","PACT ARIM DU VAL D'OISE","2007-01-01","2007-12-31"
"95063","Bezons","95063","Bezons","200058519","Communauté d'agglomération Saint Germain Boucles de Seine","95","Val-d'Oise","11","Île-de-France","095PIG001","PROGRAMME D'INTERET GENERAL PIG LOGEMENTS VACANTS","PIG","PACT ARIM DU VAL D'OISE","2007-01-01","2007-12-31"
"95063","Bezons","95063","Bezons","200058519","Communauté d'agglomération Saint Germain Boucles de Seine","95","Val-d'Oise","11","Île-de-France","078PIG004","PIG CCBS","PIG","URBANIS","2013-10-10","2017-12-31"
"95078","Boissy-l'Aillerie","95078","Boissy-l'Aillerie","200035970","Communauté de communes Vexin Centre","95","Val-d'Oise","11","Île-de-France","095PIG001","PROGRAMME D'INTERET GENERAL PIG LOGEMENTS VACANTS","PIG","PACT ARIM DU VAL D'OISE","2007-01-01","2007-12-31"
"95078","Boissy-l'Aillerie","95078","Boissy-l'Aillerie","200035970","Communauté de communes Vexin Centre","95","Val-d'Oise","11","Île-de-France","095OPA004","OPAH PARC NATUREL REGIONAL VEXIN FRANÇAIS","OPAH / OPAH-D","PACT ARIM DU VAL D'OISE","2003-08-01","2007-12-31"
"95088","Bonneuil-en-France","95088","Bonneuil-en-France","200055655","Communauté d'agglomération Roissy Pays de France","95","Val-d'Oise","11","Île-de-France","095PIG001","PROGRAMME D'INTERET GENERAL PIG LOGEMENTS VACANTS","PIG","PACT ARIM DU VAL D'OISE","2007-01-01","2007-12-31"
"95091","Bouffémont","95091","Bouffémont","200056380","Communauté d'agglomération Plaine Vallée","95","Val-d'Oise","11","Île-de-France","095PIG001","PROGRAMME D'INTERET GENERAL PIG LOGEMENTS VACANTS","PIG","PACT ARIM DU VAL D'OISE","2007-01-01","2007-12-31"
"95094","Bouqueval","95094","Bouqueval","200055655","Communauté d'agglomération Roissy Pays de France","95","Val-d'Oise","11","Île-de-France","095PIG001","PROGRAMME D'INTERET GENERAL PIG LOGEMENTS VACANTS","PIG","PACT ARIM DU VAL D'OISE","2007-01-01","2007-12-31"
"95101","Bray-et-Lû","95101","Bray-et-Lû","249500513","Communauté de communes du Vexin-Val de Seine","95","Val-d'Oise","11","Île-de-France","095PIG001","PROGRAMME D'INTERET GENERAL PIG LOGEMENTS VACANTS","PIG","PACT ARIM DU VAL D'OISE","2007-01-01","2007-12-31"
"95101","Bray-et-Lû","95101","Bray-et-Lû","249500513","Communauté de communes du Vexin-Val de Seine","95","Val-d'Oise","11","Île-de-France","095OPA004","OPAH PARC NATUREL REGIONAL VEXIN FRANÇAIS","OPAH / OPAH-D","PACT ARIM DU VAL D'OISE","2003-08-01","2007-12-31"
"95102","Bréançon","95102","Bréançon","200035970","Communauté de communes Vexin Centre","95","Val-d'Oise","11","Île-de-France","095OPA004","OPAH PARC NATUREL REGIONAL VEXIN FRANÇAIS","OPAH / OPAH-D","PACT ARIM DU VAL D'OISE","2003-08-01","2007-12-31"
"95102","Bréançon","95102","Bréançon","200035970","Communauté de communes Vexin Centre","95","Val-d'Oise","11","Île-de-France","095PIG001","PROGRAMME D'INTERET GENERAL PIG LOGEMENTS VACANTS","PIG","PACT ARIM DU VAL D'OISE","2007-01-01","2007-12-31"
"95110","Brignancourt","95110","Brignancourt","200035970","Communauté de communes Vexin Centre","95","Val-d'Oise","11","Île-de-France","095PIG001","PROGRAMME D'INTERET GENERAL PIG LOGEMENTS VACANTS","PIG","PACT ARIM DU VAL D'OISE","2007-01-01","2007-12-31"
"95110","Brignancourt","95110","Brignancourt","200035970","Communauté de communes Vexin Centre","95","Val-d'Oise","11","Île-de-France","095OPA004","OPAH PARC NATUREL REGIONAL VEXIN FRANÇAIS","OPAH / OPAH-D","PACT ARIM DU VAL D'OISE","2003-08-01","2007-12-31"
"95116","Bruyères-sur-Oise","95116","Bruyères-sur-Oise","249500489","Communauté de communes du Haut Val d'Oise","95","Val-d'Oise","11","Île-de-France","095OPA011","OPAH CCHVO","OPAH","CITEMETRIE ANTENNE REGIONALE ILE DE FRANCE","2024-10-01","2027-09-30"
"95116","Bruyères-sur-Oise","95116","Bruyères-sur-Oise","249500489","Communauté de communes du Haut Val d'Oise","95","Val-d'Oise","11","Île-de-France","095OPA007","OPAH CC DU HAUT VAL D'OISE CCHVO","OPAH","SOLIHA PARIS.HAUTS DE SEINE.VAL D'OISE","2014-02-21","2018-12-31"
"95116","Bruyères-sur-Oise","95116","Bruyères-sur-Oise","249500489","Communauté de communes du Haut Val d'Oise","95","Val-d'Oise","11","Île-de-France","095PIG002","PIG HABITER MIEUX CCHVO","PIG","SOLIHA PARIS.HAUTS DE SEINE.VAL D'OISE","2014-02-21","2018-12-31"
"95116","Bruyères-sur-Oise","95116","Bruyères-sur-Oise","249500489","Communauté de communes du Haut Val d'Oise","95","Val-d'Oise","11","Île-de-France","095PIG001","PROGRAMME D'INTERET GENERAL PIG LOGEMENTS VACANTS","PIG","PACT ARIM DU VAL D'OISE","2007-01-01","2007-12-31"
"95116","Bruyères-sur-Oise","95116","Bruyères-sur-Oise","249500489","Communauté de communes du Haut Val d'Oise","95","Val-d'Oise","11","Île-de-France","095COP040","OPAH COPRO DEGRADEE CC DU HAUT VAL D'OISE CCHVO","OPAH-D","SOLIHA PARIS.HAUTS DE SEINE.VAL D'OISE","2014-02-21","2018-12-31"
"95119","Buhy","95119","Buhy","249500513","Communauté de communes du Vexin-Val de Seine","95","Val-d'Oise","11","Île-de-France","095PIG001","PROGRAMME D'INTERET GENERAL PIG LOGEMENTS VACANTS","PIG","PACT ARIM DU VAL D'OISE","2007-01-01","2007-12-31"
"95119","Buhy","95119","Buhy","249500513","Communauté de communes du Vexin-Val de Seine","95","Val-d'Oise","11","Île-de-France","095OPA004","OPAH PARC NATUREL REGIONAL VEXIN FRANÇAIS","OPAH / OPAH-D","PACT ARIM DU VAL D'OISE","2003-08-01","2007-12-31"
"95120","Butry-sur-Oise","95120","Butry-sur-Oise","249500430","Communauté de communes Sausseron Impressionnistes","95","Val-d'Oise","11","Île-de-France","095PIG001","PROGRAMME D'INTERET GENERAL PIG LOGEMENTS VACANTS","PIG","PACT ARIM DU VAL D'OISE","2007-01-01","2007-12-31"
"95120","Butry-sur-Oise","95120","Butry-sur-Oise","249500430","Communauté de communes Sausseron Impressionnistes","95","Val-d'Oise","11","Île-de-France","095OPA004","OPAH PARC NATUREL REGIONAL VEXIN FRANÇAIS","OPAH / OPAH-D","PACT ARIM DU VAL D'OISE","2003-08-01","2007-12-31"
"95127","Cergy","95127","Cergy","249500109","Communauté d'agglomération de Cergy-Pontoise","95","Val-d'Oise","11","Île-de-France","095COP036","OPAH COPRO D CERGY LA BASTIDE BATIMENTS D ET H","OPAH-D","SOLIHA","2015-12-02","2020-12-02"
"95127","Cergy","95127","Cergy","249500109","Communauté d'agglomération de Cergy-Pontoise","95","Val-d'Oise","11","Île-de-France","095COP030","PLS COPROPRIETES C E M DE L'ILOT LA BASTIDE CERGY","PLS","SOLIHA","2014-12-23","2020-12-02"
"95134","Champagne-sur-Oise","95134","Champagne-sur-Oise","249500489","Communauté de communes du Haut Val d'Oise","95","Val-d'Oise","11","Île-de-France","095COP040","OPAH COPRO DEGRADEE CC DU HAUT VAL D'OISE CCHVO","OPAH-D","SOLIHA PARIS.HAUTS DE SEINE.VAL D'OISE","2014-02-21","2018-12-31"
"95134","Champagne-sur-Oise","95134","Champagne-sur-Oise","249500489","Communauté de communes du Haut Val d'Oise","95","Val-d'Oise","11","Île-de-France","095OPA011","OPAH CCHVO","OPAH","CITEMETRIE ANTENNE REGIONALE ILE DE FRANCE","2024-10-01","2027-09-30"
"95134","Champagne-sur-Oise","95134","Champagne-sur-Oise","249500489","Communauté de communes du Haut Val d'Oise","95","Val-d'Oise","11","Île-de-France","095PIG002","PIG HABITER MIEUX CCHVO","PIG","SOLIHA PARIS.HAUTS DE SEINE.VAL D'OISE","2014-02-21","2018-12-31"
"95134","Champagne-sur-Oise","95134","Champagne-sur-Oise","249500489","Communauté de communes du Haut Val d'Oise","95","Val-d'Oise","11","Île-de-France","095OPA007","OPAH CC DU HAUT VAL D'OISE CCHVO","OPAH","SOLIHA PARIS.HAUTS DE SEINE.VAL D'OISE","2014-02-21","2018-12-31"
"95134","Champagne-sur-Oise","95134","Champagne-sur-Oise","249500489","Communauté de communes du Haut Val d'Oise","95","Val-d'Oise","11","Île-de-France","095PIG001","PROGRAMME D'INTERET GENERAL PIG LOGEMENTS VACANTS","PIG","PACT ARIM DU VAL D'OISE","2007-01-01","2007-12-31"
"95134","Champagne-sur-Oise","95134","Champagne-sur-Oise","249500489","Communauté de communes du Haut Val d'Oise","95","Val-d'Oise","11","Île-de-France","095OPA004","OPAH PARC NATUREL REGIONAL VEXIN FRANÇAIS","OPAH / OPAH-D","PACT ARIM DU VAL D'OISE","2003-08-01","2007-12-31"
"95139","La Chapelle-en-Vexin","95139","La Chapelle-en-Vexin","249500513","Communauté de communes du Vexin-Val de Seine","95","Val-d'Oise","11","Île-de-France","095PIG001","PROGRAMME D'INTERET GENERAL PIG LOGEMENTS VACANTS","PIG","PACT ARIM DU VAL D'OISE","2007-01-01","2007-12-31"
"95141","Charmont","95141","Charmont","249500513","Communauté de communes du Vexin-Val de Seine","95","Val-d'Oise","11","Île-de-France","095OPA004","OPAH PARC NATUREL REGIONAL VEXIN FRANÇAIS","OPAH / OPAH-D","PACT ARIM DU VAL D'OISE","2003-08-01","2007-12-31"
"95141","Charmont","95141","Charmont","249500513","Communauté de communes du Vexin-Val de Seine","95","Val-d'Oise","11","Île-de-France","095PIG001","PROGRAMME D'INTERET GENERAL PIG LOGEMENTS VACANTS","PIG","PACT ARIM DU VAL D'OISE","2007-01-01","2007-12-31"
"95142","Chars","95142","Chars","200035970","Communauté de communes Vexin Centre","95","Val-d'Oise","11","Île-de-France","095OPA004","OPAH PARC NATUREL REGIONAL VEXIN FRANÇAIS","OPAH / OPAH-D","PACT ARIM DU VAL D'OISE","2003-08-01","2007-12-31"
"95142","Chars","95142","Chars","200035970","Communauté de communes Vexin Centre","95","Val-d'Oise","11","Île-de-France","095PIG001","PROGRAMME D'INTERET GENERAL PIG LOGEMENTS VACANTS","PIG","PACT ARIM DU VAL D'OISE","2007-01-01","2007-12-31"
"95144","Châtenay-en-France","95144","Châtenay-en-France","200073013","Communauté de communes Carnelle Pays-de-France","95","Val-d'Oise","11","Île-de-France","095PIG001","PROGRAMME D'INTERET GENERAL PIG LOGEMENTS VACANTS","PIG","PACT ARIM DU VAL D'OISE","2007-01-01","2007-12-31"
"95149","Chaumontel","95149","Chaumontel","200073013","Communauté de communes Carnelle Pays-de-France","95","Val-d'Oise","11","Île-de-France","095PIG001","PROGRAMME D'INTERET GENERAL PIG LOGEMENTS VACANTS","PIG","PACT ARIM DU VAL D'OISE","2007-01-01","2007-12-31"
"95150","Chaussy","95150","Chaussy","249500513","Communauté de communes du Vexin-Val de Seine","95","Val-d'Oise","11","Île-de-France","095OPA004","OPAH PARC NATUREL REGIONAL VEXIN FRANÇAIS","OPAH / OPAH-D","PACT ARIM DU VAL D'OISE","2003-08-01","2007-12-31"
"95150","Chaussy","95150","Chaussy","249500513","Communauté de communes du Vexin-Val de Seine","95","Val-d'Oise","11","Île-de-France","095PIG001","PROGRAMME D'INTERET GENERAL PIG LOGEMENTS VACANTS","PIG","PACT ARIM DU VAL D'OISE","2007-01-01","2007-12-31"
"95151","Chauvry","95151","Chauvry","249500455","Communauté de communes de la Vallée de l'Oise et des Trois Forêts","95","Val-d'Oise","11","Île-de-France","095PIG001","PROGRAMME D'INTERET GENERAL PIG LOGEMENTS VACANTS","PIG","PACT ARIM DU VAL D'OISE","2007-01-01","2007-12-31"
"95154","Chennevières-lès-Louvres","95154","Chennevières-lès-Louvres","200055655","Communauté d'agglomération Roissy Pays de France","95","Val-d'Oise","11","Île-de-France","095PIG001","PROGRAMME D'INTERET GENERAL PIG LOGEMENTS VACANTS","PIG","PACT ARIM DU VAL D'OISE","2007-01-01","2007-12-31"
"95157","Chérence","95157","Chérence","249500513","Communauté de communes du Vexin-Val de Seine","95","Val-d'Oise","11","Île-de-France","095PIG001","PROGRAMME D'INTERET GENERAL PIG LOGEMENTS VACANTS","PIG","PACT ARIM DU VAL D'OISE","2007-01-01","2007-12-31"
"95157","Chérence","95157","Chérence","249500513","Communauté de communes du Vexin-Val de Seine","95","Val-d'Oise","11","Île-de-France","095OPA004","OPAH PARC NATUREL REGIONAL VEXIN FRANÇAIS","OPAH / OPAH-D","PACT ARIM DU VAL D'OISE","2003-08-01","2007-12-31"
"95166","Cléry-en-Vexin","95166","Cléry-en-Vexin","200035970","Communauté de communes Vexin Centre","95","Val-d'Oise","11","Île-de-France","095OPA004","OPAH PARC NATUREL REGIONAL VEXIN FRANÇAIS","OPAH / OPAH-D","PACT ARIM DU VAL D'OISE","2003-08-01","2007-12-31"
"95166","Cléry-en-Vexin","95166","Cléry-en-Vexin","200035970","Communauté de communes Vexin Centre","95","Val-d'Oise","11","Île-de-France","095PIG001","PROGRAMME D'INTERET GENERAL PIG LOGEMENTS VACANTS","PIG","PACT ARIM DU VAL D'OISE","2007-01-01","2007-12-31"
"95169","Commeny","95169","Commeny","200035970","Communauté de communes Vexin Centre","95","Val-d'Oise","11","Île-de-France","095PIG001","PROGRAMME D'INTERET GENERAL PIG LOGEMENTS VACANTS","PIG","PACT ARIM DU VAL D'OISE","2007-01-01","2007-12-31"
"95169","Commeny","95169","Commeny","200035970","Communauté de communes Vexin Centre","95","Val-d'Oise","11","Île-de-France","095OPA004","OPAH PARC NATUREL REGIONAL VEXIN FRANÇAIS","OPAH / OPAH-D","PACT ARIM DU VAL D'OISE","2003-08-01","2007-12-31"
"95170","Condécourt","95170","Condécourt","200035970","Communauté de communes Vexin Centre","95","Val-d'Oise","11","Île-de-France","095PIG001","PROGRAMME D'INTERET GENERAL PIG LOGEMENTS VACANTS","PIG","PACT ARIM DU VAL D'OISE","2007-01-01","2007-12-31"
"95170","Condécourt","95170","Condécourt","200035970","Communauté de communes Vexin Centre","95","Val-d'Oise","11","Île-de-France","095OPA004","OPAH PARC NATUREL REGIONAL VEXIN FRANÇAIS","OPAH / OPAH-D","PACT ARIM DU VAL D'OISE","2003-08-01","2007-12-31"
"95176","Cormeilles-en-Parisis","95176","Cormeilles-en-Parisis","200058485","Communauté d'agglomération Val Parisis","95","Val-d'Oise","11","Île-de-France","095PIG001","PROGRAMME D'INTERET GENERAL PIG LOGEMENTS VACANTS","PIG","PACT ARIM DU VAL D'OISE","2007-01-01","2007-12-31"
"95176","Cormeilles-en-Parisis","95176","Cormeilles-en-Parisis","200058485","Communauté d'agglomération Val Parisis","95","Val-d'Oise","11","Île-de-France","095OPA002","OPAH DE CORMEILLES EN PARISIS AVEC VOLETS COPROPRIETES DEGRADEES","OPAH-D","PACT ARIM DU VAL D'OISE","2005-03-11","2009-12-31"
"95176","Cormeilles-en-Parisis","95176","Cormeilles-en-Parisis","200058485","Communauté d'agglomération Val Parisis","95","Val-d'Oise","11","Île-de-France","095OPA002","OPAH CLASSIQUE DE CORMEILLES EN PARISIS","OPAH","PACT ARIM DU VAL D'OISE","2005-03-11","2009-12-31"
"95177","Cormeilles-en-Vexin","95177","Cormeilles-en-Vexin","200035970","Communauté de communes Vexin Centre","95","Val-d'Oise","11","Île-de-France","095OPA004","OPAH PARC NATUREL REGIONAL VEXIN FRANÇAIS","OPAH / OPAH-D","PACT ARIM DU VAL D'OISE","2003-08-01","2007-12-31"
"95177","Cormeilles-en-Vexin","95177","Cormeilles-en-Vexin","200035970","Communauté de communes Vexin Centre","95","Val-d'Oise","11","Île-de-France","095PIG001","PROGRAMME D'INTERET GENERAL PIG LOGEMENTS VACANTS","PIG","PACT ARIM DU VAL D'OISE","2007-01-01","2007-12-31"
"95181","Courcelles-sur-Viosne","95181","Courcelles-sur-Viosne","200035970","Communauté de communes Vexin Centre","95","Val-d'Oise","11","Île-de-France","095OPA004","OPAH PARC NATUREL REGIONAL VEXIN FRANÇAIS","OPAH / OPAH-D","PACT ARIM DU VAL D'OISE","2003-08-01","2007-12-31"
"95181","Courcelles-sur-Viosne","95181","Courcelles-sur-Viosne","200035970","Communauté de communes Vexin Centre","95","Val-d'Oise","11","Île-de-France","095PIG001","PROGRAMME D'INTERET GENERAL PIG LOGEMENTS VACANTS","PIG","PACT ARIM DU VAL D'OISE","2007-01-01","2007-12-31"
"95197","Deuil-la-Barre","95197","Deuil-la-Barre","200056380","Communauté d'agglomération Plaine Vallée","95","Val-d'Oise","11","Île-de-France","095PIG001","PROGRAMME D'INTERET GENERAL PIG LOGEMENTS VACANTS","PIG","PACT ARIM DU VAL D'OISE","2007-01-01","2007-12-31"
"95199","Domont","95199","Domont","200056380","Communauté d'agglomération Plaine Vallée","95","Val-d'Oise","11","Île-de-France","095PIG001","PROGRAMME D'INTERET GENERAL PIG LOGEMENTS VACANTS","PIG","PACT ARIM DU VAL D'OISE","2007-01-01","2007-12-31"
"95203","Eaubonne","95203","Eaubonne","200058485","Communauté d'agglomération Val Parisis","95","Val-d'Oise","11","Île-de-France","095PIG001","PROGRAMME D'INTERET GENERAL PIG LOGEMENTS VACANTS","PIG","PACT ARIM DU VAL D'OISE","2007-01-01","2007-12-31"
"95205","Écouen","95205","Écouen","200055655","Communauté d'agglomération Roissy Pays de France","95","Val-d'Oise","11","Île-de-France","095PIG001","PROGRAMME D'INTERET GENERAL PIG LOGEMENTS VACANTS","PIG","PACT ARIM DU VAL D'OISE","2007-01-01","2007-12-31"
"95210","Enghien-les-Bains","95210","Enghien-les-Bains","200056380","Communauté d'agglomération Plaine Vallée","95","Val-d'Oise","11","Île-de-France","095PIG001","PROGRAMME D'INTERET GENERAL PIG LOGEMENTS VACANTS","PIG","PACT ARIM DU VAL D'OISE","2007-01-01","2007-12-31"
"95211","Ennery","95211","Ennery","249500430","Communauté de communes Sausseron Impressionnistes","95","Val-d'Oise","11","Île-de-France","095PIG001","PROGRAMME D'INTERET GENERAL PIG LOGEMENTS VACANTS","PIG","PACT ARIM DU VAL D'OISE","2007-01-01","2007-12-31"
"95211","Ennery","95211","Ennery","249500430","Communauté de communes Sausseron Impressionnistes","95","Val-d'Oise","11","Île-de-France","095OPA004","OPAH PARC NATUREL REGIONAL VEXIN FRANÇAIS","OPAH / OPAH-D","PACT ARIM DU VAL D'OISE","2003-08-01","2007-12-31"
"95212","Épiais-lès-Louvres","95212","Épiais-lès-Louvres","200055655","Communauté d'agglomération Roissy Pays de France","95","Val-d'Oise","11","Île-de-France","095PIG001","PROGRAMME D'INTERET GENERAL PIG LOGEMENTS VACANTS","PIG","PACT ARIM DU VAL D'OISE","2007-01-01","2007-12-31"
"95213","Épiais-Rhus","95213","Épiais-Rhus","249500430","Communauté de communes Sausseron Impressionnistes","95","Val-d'Oise","11","Île-de-France","095PIG001","PROGRAMME D'INTERET GENERAL PIG LOGEMENTS VACANTS","PIG","PACT ARIM DU VAL D'OISE","2007-01-01","2007-12-31"
"95213","Épiais-Rhus","95213","Épiais-Rhus","249500430","Communauté de communes Sausseron Impressionnistes","95","Val-d'Oise","11","Île-de-France","095OPA004","OPAH PARC NATUREL REGIONAL VEXIN FRANÇAIS","OPAH / OPAH-D","PACT ARIM DU VAL D'OISE","2003-08-01","2007-12-31"
"95214","Épinay-Champlâtreux","95214","Épinay-Champlâtreux","200073013","Communauté de communes Carnelle Pays-de-France","95","Val-d'Oise","11","Île-de-France","095PIG001","PROGRAMME D'INTERET GENERAL PIG LOGEMENTS VACANTS","PIG","PACT ARIM DU VAL D'OISE","2007-01-01","2007-12-31"
"95219","Ermont","95219","Ermont","200058485","Communauté d'agglomération Val Parisis","95","Val-d'Oise","11","Île-de-France","095PIG001","PROGRAMME D'INTERET GENERAL PIG LOGEMENTS VACANTS","PIG","PACT ARIM DU VAL D'OISE","2007-01-01","2007-12-31"
"95229","Ézanville","95229","Ézanville","200056380","Communauté d'agglomération Plaine Vallée","95","Val-d'Oise","11","Île-de-France","095PIG001","PROGRAMME D'INTERET GENERAL PIG LOGEMENTS VACANTS","PIG","PACT ARIM DU VAL D'OISE","2007-01-01","2007-12-31"
"95241","Fontenay-en-Parisis","95241","Fontenay-en-Parisis","200055655","Communauté d'agglomération Roissy Pays de France","95","Val-d'Oise","11","Île-de-France","095PIG001","PROGRAMME D'INTERET GENERAL PIG LOGEMENTS VACANTS","PIG","PACT ARIM DU VAL D'OISE","2007-01-01","2007-12-31"
"95250","Fosses","95250","Fosses","200055655","Communauté d'agglomération Roissy Pays de France","95","Val-d'Oise","11","Île-de-France","095PIG001","PROGRAMME D'INTERET GENERAL PIG LOGEMENTS VACANTS","PIG","PACT ARIM DU VAL D'OISE","2007-01-01","2007-12-31"
"95252","Franconville","95252","Franconville","200058485","Communauté d'agglomération Val Parisis","95","Val-d'Oise","11","Île-de-France","095PIG001","PROGRAMME D'INTERET GENERAL PIG LOGEMENTS VACANTS","PIG","PACT ARIM DU VAL D'OISE","2007-01-01","2007-12-31"
"95253","Frémainville","95253","Frémainville","200035970","Communauté de communes Vexin Centre","95","Val-d'Oise","11","Île-de-France","095OPA004","OPAH PARC NATUREL REGIONAL VEXIN FRANÇAIS","OPAH / OPAH-D","PACT ARIM DU VAL D'OISE","2003-08-01","2007-12-31"
"95253","Frémainville","95253","Frémainville","200035970","Communauté de communes Vexin Centre","95","Val-d'Oise","11","Île-de-France","095PIG001","PROGRAMME D'INTERET GENERAL PIG LOGEMENTS VACANTS","PIG","PACT ARIM DU VAL D'OISE","2007-01-01","2007-12-31"
"95254","Frémécourt","95254","Frémécourt","200035970","Communauté de communes Vexin Centre","95","Val-d'Oise","11","Île-de-France","095PIG001","PROGRAMME D'INTERET GENERAL PIG LOGEMENTS VACANTS","PIG","PACT ARIM DU VAL D'OISE","2007-01-01","2007-12-31"
"95254","Frémécourt","95254","Frémécourt","200035970","Communauté de communes Vexin Centre","95","Val-d'Oise","11","Île-de-France","095OPA004","OPAH PARC NATUREL REGIONAL VEXIN FRANÇAIS","OPAH / OPAH-D","PACT ARIM DU VAL D'OISE","2003-08-01","2007-12-31"
"95256","Frépillon","95256","Frépillon","200058485","Communauté d'agglomération Val Parisis","95","Val-d'Oise","11","Île-de-France","095PIG001","PROGRAMME D'INTERET GENERAL PIG LOGEMENTS VACANTS","PIG","PACT ARIM DU VAL D'OISE","2007-01-01","2007-12-31"
"95257","La Frette-sur-Seine","95257","La Frette-sur-Seine","200058485","Communauté d'agglomération Val Parisis","95","Val-d'Oise","11","Île-de-France","095PIG001","PROGRAMME D'INTERET GENERAL PIG LOGEMENTS VACANTS","PIG","PACT ARIM DU VAL D'OISE","2007-01-01","2007-12-31"
"95258","Frouville","95258","Frouville","249500430","Communauté de communes Sausseron Impressionnistes","95","Val-d'Oise","11","Île-de-France","095OPA004","OPAH PARC NATUREL REGIONAL VEXIN FRANÇAIS","OPAH / OPAH-D","PACT ARIM DU VAL D'OISE","2003-08-01","2007-12-31"
"95258","Frouville","95258","Frouville","249500430","Communauté de communes Sausseron Impressionnistes","95","Val-d'Oise","11","Île-de-France","095PIG001","PROGRAMME D'INTERET GENERAL PIG LOGEMENTS VACANTS","PIG","PACT ARIM DU VAL D'OISE","2007-01-01","2007-12-31"
"95268","Garges-lès-Gonesse","95268","Garges-lès-Gonesse","200055655","Communauté d'agglomération Roissy Pays de France","95","Val-d'Oise","11","Île-de-France","095COP033","PLS COPROPRIETE GARGES NORD","PLS","GRAND PARIS AMENAGMENT","2014-12-24","2025-05-14"
"95268","Garges-lès-Gonesse","95268","Garges-lès-Gonesse","200055655","Communauté d'agglomération Roissy Pays de France","95","Val-d'Oise","11","Île-de-France","095COP009","PLAN DE SAUVEGARDE GARGES LES GONESSE COPRO LES MOUET","PLS","PACT ARIM DU VAL D'OISE","2006-01-01","2006-12-31"
"95268","Garges-lès-Gonesse","95268","Garges-lès-Gonesse","200055655","Communauté d'agglomération Roissy Pays de France","95","Val-d'Oise","11","Île-de-France","095COP048","ORCOD DC DE GARGES LES GONESSES","OPAH-D","SOLIHA GRAND PARIS","2024-03-21","2034-03-20"
"95268","Garges-lès-Gonesse","95268","Garges-lès-Gonesse","200055655","Communauté d'agglomération Roissy Pays de France","95","Val-d'Oise","11","Île-de-France","095COP034","PLS DE LA COPROPRIETE 4 6 RUE DES LOUVRES GARGES LES GONESSE","PLS","URBANIS","2014-12-24","2019-12-23"
"95268","Garges-lès-Gonesse","95268","Garges-lès-Gonesse","200055655","Communauté d'agglomération Roissy Pays de France","95","Val-d'Oise","11","Île-de-France","095COP010","PLS GARGES LES GONESSE LES VERGERS 2","PLS","SOLIHA PARIS.HAUTS DE SEINE.VAL D'OISE","2002-08-01","2012-12-25"
"95268","Garges-lès-Gonesse","95268","Garges-lès-Gonesse","200055655","Communauté d'agglomération Roissy Pays de France","95","Val-d'Oise","11","Île-de-France","095COP032","PLS COPROPRIETE COLONEL FABIEN GARGES LES GONNESSE","PLS","SOLIHA GRAND PARIS","2011-08-08","2023-02-15"
"95268","Garges-lès-Gonesse","95268","Garges-lès-Gonesse","200055655","Communauté d'agglomération Roissy Pays de France","95","Val-d'Oise","11","Île-de-France","095COP024","PLS COPRO INDOCHINE GARGES LES GONNESSE","OPAH-D","SOLIHA","2010-12-01","2015-12-27"
"95268","Garges-lès-Gonesse","95268","Garges-lès-Gonesse","200055655","Communauté d'agglomération Roissy Pays de France","95","Val-d'Oise","11","Île-de-France","095COP024","PLS COPRO INDOCHINE GARGES LES GONNESSE","PLS","SOLIHA","2010-12-27","2015-12-27"
"95268","Garges-lès-Gonesse","95268","Garges-lès-Gonesse","200055655","Communauté d'agglomération Roissy Pays de France","95","Val-d'Oise","11","Île-de-France","095COP053","LES EDELWEIS","PLS","SEGAT","2024-03-20","2029-03-20"
"95268","Garges-lès-Gonesse","95268","Garges-lès-Gonesse","200055655","Communauté d'agglomération Roissy Pays de France","95","Val-d'Oise","11","Île-de-France","095COP052","PLS GARGES OUEST","PLS","SEGAT","2024-03-20","2029-03-20"
"95268","Garges-lès-Gonesse","95268","Garges-lès-Gonesse","200055655","Communauté d'agglomération Roissy Pays de France","95","Val-d'Oise","11","Île-de-France","095COP051","PLS LES MAGNOLIAS","PLS","SOLIHA GRAND PARIS","2024-03-20","2029-03-20"
"95268","Garges-lès-Gonesse","95268","Garges-lès-Gonesse","200055655","Communauté d'agglomération Roissy Pays de France","95","Val-d'Oise","11","Île-de-France","095PIG001","PROGRAMME D'INTERET GENERAL PIG LOGEMENTS VACANTS","PIG","PACT ARIM DU VAL D'OISE","2007-01-01","2007-12-31"
"95268","Garges-lès-Gonesse","95268","Garges-lès-Gonesse","200055655","Communauté d'agglomération Roissy Pays de France","95","Val-d'Oise","11","Île-de-France","095COP050","PLS LE PETIT ROSNE","PLS","CDC HABITAT SOCIAL","2024-03-20","2029-03-20"
"95268","Garges-lès-Gonesse","95268","Garges-lès-Gonesse","200055655","Communauté d'agglomération Roissy Pays de France","95","Val-d'Oise","11","Île-de-France","095COP008","PLAN DE SAUVEGARDE GARGES LES GONESSE COPRO LES MOUETTES","PLS","PACT ARIM DU VAL D'OISE","2006-01-25","2010-12-31"
"95270","Genainville","95270","Genainville","249500513","Communauté de communes du Vexin-Val de Seine","95","Val-d'Oise","11","Île-de-France","095PIG001","PROGRAMME D'INTERET GENERAL PIG LOGEMENTS VACANTS","PIG","PACT ARIM DU VAL D'OISE","2007-01-01","2007-12-31"
"95270","Genainville","95270","Genainville","249500513","Communauté de communes du Vexin-Val de Seine","95","Val-d'Oise","11","Île-de-France","095OPA004","OPAH PARC NATUREL REGIONAL VEXIN FRANÇAIS","OPAH / OPAH-D","PACT ARIM DU VAL D'OISE","2003-08-01","2007-12-31"
"95271","Génicourt","95271","Génicourt","249500430","Communauté de communes Sausseron Impressionnistes","95","Val-d'Oise","11","Île-de-France","095OPA004","OPAH PARC NATUREL REGIONAL VEXIN FRANÇAIS","OPAH / OPAH-D","PACT ARIM DU VAL D'OISE","2003-08-01","2007-12-31"
"95271","Génicourt","95271","Génicourt","249500430","Communauté de communes Sausseron Impressionnistes","95","Val-d'Oise","11","Île-de-France","095PIG001","PROGRAMME D'INTERET GENERAL PIG LOGEMENTS VACANTS","PIG","PACT ARIM DU VAL D'OISE","2007-01-01","2007-12-31"
"95277","Gonesse","95277","Gonesse","200055655","Communauté d'agglomération Roissy Pays de France","95","Val-d'Oise","11","Île-de-France","095OPA003","OPAH CLASSIQUE DE GONESSE","OPAH","PACT ARIM DU VAL D'OISE","2003-01-01","2008-12-31"
"95277","Gonesse","95277","Gonesse","200055655","Communauté d'agglomération Roissy Pays de France","95","Val-d'Oise","11","Île-de-France","095PIG001","PROGRAMME D'INTERET GENERAL PIG LOGEMENTS VACANTS","PIG","PACT ARIM DU VAL D'OISE","2007-01-01","2007-12-31"
"95277","Gonesse","95277","Gonesse","200055655","Communauté d'agglomération Roissy Pays de France","95","Val-d'Oise","11","Île-de-France","095COP005","OPAH GONESSE AVEC VOLETS COPROPRIETES DEGRADEES","OPAH-D","PACT ARIM DU VAL D'OISE","2006-01-01","2006-12-31"
"95277","Gonesse","95277","Gonesse","200055655","Communauté d'agglomération Roissy Pays de France","95","Val-d'Oise","11","Île-de-France","095COP014","PLAN DE SAUVEGARDE DE LA COPROPRIETE LA GARENNE","PLS","CITEMETRIE","2009-09-21","2014-09-20"
"95277","Gonesse","95277","Gonesse","200055655","Communauté d'agglomération Roissy Pays de France","95","Val-d'Oise","11","Île-de-France","095PIG004","PIG QUARTIER DES MARRONNIERS GONNESSE 2020","PIG","OPER 75 URBANIS IDF","2017-09-04","2020-09-03"
"95277","Gonesse","95277","Gonesse","200055655","Communauté d'agglomération Roissy Pays de France","95","Val-d'Oise","11","Île-de-France","095COP039","OPAH CD CENTRE ANCIEN DE GONESSE","OPAH-D","OPER 75 URBANIS IDF","2017-09-04","2022-09-03"
"95280","Goussainville","95280","Goussainville","200055655","Communauté d'agglomération Roissy Pays de France","95","Val-d'Oise","11","Île-de-France","095PIG001","PROGRAMME D'INTERET GENERAL PIG LOGEMENTS VACANTS","PIG","PACT ARIM DU VAL D'OISE","2007-01-01","2007-12-31"
"95287","Grisy-les-Plâtres","95287","Grisy-les-Plâtres","200035970","Communauté de communes Vexin Centre","95","Val-d'Oise","11","Île-de-France","095PIG001","PROGRAMME D'INTERET GENERAL PIG LOGEMENTS VACANTS","PIG","PACT ARIM DU VAL D'OISE","2007-01-01","2007-12-31"
"95287","Grisy-les-Plâtres","95287","Grisy-les-Plâtres","200035970","Communauté de communes Vexin Centre","95","Val-d'Oise","11","Île-de-France","095OPA004","OPAH PARC NATUREL REGIONAL VEXIN FRANÇAIS","OPAH / OPAH-D","PACT ARIM DU VAL D'OISE","2003-08-01","2007-12-31"
"95288","Groslay","95288","Groslay","200056380","Communauté d'agglomération Plaine Vallée","95","Val-d'Oise","11","Île-de-France","095PIG001","PROGRAMME D'INTERET GENERAL PIG LOGEMENTS VACANTS","PIG","PACT ARIM DU VAL D'OISE","2007-01-01","2007-12-31"
"95295","Guiry-en-Vexin","95295","Guiry-en-Vexin","200035970","Communauté de communes Vexin Centre","95","Val-d'Oise","11","Île-de-France","095PIG001","PROGRAMME D'INTERET GENERAL PIG LOGEMENTS VACANTS","PIG","PACT ARIM DU VAL D'OISE","2007-01-01","2007-12-31"
"95295","Guiry-en-Vexin","95295","Guiry-en-Vexin","200035970","Communauté de communes Vexin Centre","95","Val-d'Oise","11","Île-de-France","095OPA004","OPAH PARC NATUREL REGIONAL VEXIN FRANÇAIS","OPAH / OPAH-D","PACT ARIM DU VAL D'OISE","2003-08-01","2007-12-31"
"95298","Haravilliers","95298","Haravilliers","200035970","Communauté de communes Vexin Centre","95","Val-d'Oise","11","Île-de-France","095PIG001","PROGRAMME D'INTERET GENERAL PIG LOGEMENTS VACANTS","PIG","PACT ARIM DU VAL D'OISE","2007-01-01","2007-12-31"
"95298","Haravilliers","95298","Haravilliers","200035970","Communauté de communes Vexin Centre","95","Val-d'Oise","11","Île-de-France","095OPA004","OPAH PARC NATUREL REGIONAL VEXIN FRANÇAIS","OPAH / OPAH-D","PACT ARIM DU VAL D'OISE","2003-08-01","2007-12-31"
"95301","Haute-Isle","95301","Haute-Isle","249500513","Communauté de communes du Vexin-Val de Seine","95","Val-d'Oise","11","Île-de-France","095PIG001","PROGRAMME D'INTERET GENERAL PIG LOGEMENTS VACANTS","PIG","PACT ARIM DU VAL D'OISE","2007-01-01","2007-12-31"
"95301","Haute-Isle","95301","Haute-Isle","249500513","Communauté de communes du Vexin-Val de Seine","95","Val-d'Oise","11","Île-de-France","095OPA004","OPAH PARC NATUREL REGIONAL VEXIN FRANÇAIS","OPAH / OPAH-D","PACT ARIM DU VAL D'OISE","2003-08-01","2007-12-31"
"95303","Le Heaulme","95303","Le Heaulme","200035970","Communauté de communes Vexin Centre","95","Val-d'Oise","11","Île-de-France","095OPA004","OPAH PARC NATUREL REGIONAL VEXIN FRANÇAIS","OPAH / OPAH-D","PACT ARIM DU VAL D'OISE","2003-08-01","2007-12-31"
"95303","Le Heaulme","95303","Le Heaulme","200035970","Communauté de communes Vexin Centre","95","Val-d'Oise","11","Île-de-France","095PIG001","PROGRAMME D'INTERET GENERAL PIG LOGEMENTS VACANTS","PIG","PACT ARIM DU VAL D'OISE","2007-01-01","2007-12-31"
"95304","Hédouville","95304","Hédouville","249500430","Communauté de communes Sausseron Impressionnistes","95","Val-d'Oise","11","Île-de-France","095PIG001","PROGRAMME D'INTERET GENERAL PIG LOGEMENTS VACANTS","PIG","PACT ARIM DU VAL D'OISE","2007-01-01","2007-12-31"
"95304","Hédouville","95304","Hédouville","249500430","Communauté de communes Sausseron Impressionnistes","95","Val-d'Oise","11","Île-de-France","095OPA004","OPAH PARC NATUREL REGIONAL VEXIN FRANÇAIS","OPAH / OPAH-D","PACT ARIM DU VAL D'OISE","2003-08-01","2007-12-31"
"95306","Herblay-sur-Seine","95306","Herblay-sur-Seine","200058485","Communauté d'agglomération Val Parisis","95","Val-d'Oise","11","Île-de-France","095PIG001","PROGRAMME D'INTERET GENERAL PIG LOGEMENTS VACANTS","PIG","PACT ARIM DU VAL D'OISE","2007-01-01","2007-12-31"
"95308","Hérouville-en-Vexin","95308","Hérouville-en-Vexin","249500430","Communauté de communes Sausseron Impressionnistes","95","Val-d'Oise","11","Île-de-France","095PIG001","PROGRAMME D'INTERET GENERAL PIG LOGEMENTS VACANTS","PIG","PACT ARIM DU VAL D'OISE","2007-01-01","2007-12-31"
"95309","Hodent","95309","Hodent","249500513","Communauté de communes du Vexin-Val de Seine","95","Val-d'Oise","11","Île-de-France","095PIG001","PROGRAMME D'INTERET GENERAL PIG LOGEMENTS VACANTS","PIG","PACT ARIM DU VAL D'OISE","2007-01-01","2007-12-31"
"95309","Hodent","95309","Hodent","249500513","Communauté de communes du Vexin-Val de Seine","95","Val-d'Oise","11","Île-de-France","095OPA004","OPAH PARC NATUREL REGIONAL VEXIN FRANÇAIS","OPAH / OPAH-D","PACT ARIM DU VAL D'OISE","2003-08-01","2007-12-31"
"95313","L'Isle-Adam","95313","L'Isle-Adam","249500455","Communauté de communes de la Vallée de l'Oise et des Trois Forêts","95","Val-d'Oise","11","Île-de-France","095PIG001","PROGRAMME D'INTERET GENERAL PIG LOGEMENTS VACANTS","PIG","PACT ARIM DU VAL D'OISE","2007-01-01","2007-12-31"
"95316","Jagny-sous-Bois","95316","Jagny-sous-Bois","200073013","Communauté de communes Carnelle Pays-de-France","95","Val-d'Oise","11","Île-de-France","095PIG001","PROGRAMME D'INTERET GENERAL PIG LOGEMENTS VACANTS","PIG","PACT ARIM DU VAL D'OISE","2007-01-01","2007-12-31"
"95328","Labbeville","95328","Labbeville","249500430","Communauté de communes Sausseron Impressionnistes","95","Val-d'Oise","11","Île-de-France","095PIG001","PROGRAMME D'INTERET GENERAL PIG LOGEMENTS VACANTS","PIG","PACT ARIM DU VAL D'OISE","2007-01-01","2007-12-31"
"95328","Labbeville","95328","Labbeville","249500430","Communauté de communes Sausseron Impressionnistes","95","Val-d'Oise","11","Île-de-France","095OPA004","OPAH PARC NATUREL REGIONAL VEXIN FRANÇAIS","OPAH / OPAH-D","PACT ARIM DU VAL D'OISE","2003-08-01","2007-12-31"
"95331","Lassy","95331","Lassy","200073013","Communauté de communes Carnelle Pays-de-France","95","Val-d'Oise","11","Île-de-France","095PIG001","PROGRAMME D'INTERET GENERAL PIG LOGEMENTS VACANTS","PIG","PACT ARIM DU VAL D'OISE","2007-01-01","2007-12-31"
"95341","Livilliers","95341","Livilliers","249500430","Communauté de communes Sausseron Impressionnistes","95","Val-d'Oise","11","Île-de-France","095OPA004","OPAH PARC NATUREL REGIONAL VEXIN FRANÇAIS","OPAH / OPAH-D","PACT ARIM DU VAL D'OISE","2003-08-01","2007-12-31"
"95341","Livilliers","95341","Livilliers","249500430","Communauté de communes Sausseron Impressionnistes","95","Val-d'Oise","11","Île-de-France","095PIG001","PROGRAMME D'INTERET GENERAL PIG LOGEMENTS VACANTS","PIG","PACT ARIM DU VAL D'OISE","2007-01-01","2007-12-31"
"95348","Longuesse","95348","Longuesse","200035970","Communauté de communes Vexin Centre","95","Val-d'Oise","11","Île-de-France","095PIG001","PROGRAMME D'INTERET GENERAL PIG LOGEMENTS VACANTS","PIG","PACT ARIM DU VAL D'OISE","2007-01-01","2007-12-31"
"95348","Longuesse","95348","Longuesse","200035970","Communauté de communes Vexin Centre","95","Val-d'Oise","11","Île-de-France","095OPA004","OPAH PARC NATUREL REGIONAL VEXIN FRANÇAIS","OPAH / OPAH-D","PACT ARIM DU VAL D'OISE","2003-08-01","2007-12-31"
"95351","Louvres","95351","Louvres","200055655","Communauté d'agglomération Roissy Pays de France","95","Val-d'Oise","11","Île-de-France","095PIG001","PROGRAMME D'INTERET GENERAL PIG LOGEMENTS VACANTS","PIG","PACT ARIM DU VAL D'OISE","2007-01-01","2007-12-31"
"95352","Luzarches","95352","Luzarches","200073013","Communauté de communes Carnelle Pays-de-France","95","Val-d'Oise","11","Île-de-France","095PIG001","PROGRAMME D'INTERET GENERAL PIG LOGEMENTS VACANTS","PIG","PACT ARIM DU VAL D'OISE","2007-01-01","2007-12-31"
"95353","Maffliers","95353","Maffliers","200073013","Communauté de communes Carnelle Pays-de-France","95","Val-d'Oise","11","Île-de-France","095PIG001","PROGRAMME D'INTERET GENERAL PIG LOGEMENTS VACANTS","PIG","PACT ARIM DU VAL D'OISE","2007-01-01","2007-12-31"
"95355","Magny-en-Vexin","95355","Magny-en-Vexin","249500513","Communauté de communes du Vexin-Val de Seine","95","Val-d'Oise","11","Île-de-France","095PIG001","PROGRAMME D'INTERET GENERAL PIG LOGEMENTS VACANTS","PIG","PACT ARIM DU VAL D'OISE","2007-01-01","2007-12-31"
"95355","Magny-en-Vexin","95355","Magny-en-Vexin","249500513","Communauté de communes du Vexin-Val de Seine","95","Val-d'Oise","11","Île-de-France","095OPA004","OPAH PARC NATUREL REGIONAL VEXIN FRANÇAIS","OPAH / OPAH-D","PACT ARIM DU VAL D'OISE","2003-08-01","2007-12-31"
"95365","Mareil-en-France","95365","Mareil-en-France","200073013","Communauté de communes Carnelle Pays-de-France","95","Val-d'Oise","11","Île-de-France","095PIG001","PROGRAMME D'INTERET GENERAL PIG LOGEMENTS VACANTS","PIG","PACT ARIM DU VAL D'OISE","2007-01-01","2007-12-31"
"95369","Margency","95369","Margency","200056380","Communauté d'agglomération Plaine Vallée","95","Val-d'Oise","11","Île-de-France","095PIG001","PROGRAMME D'INTERET GENERAL PIG LOGEMENTS VACANTS","PIG","PACT ARIM DU VAL D'OISE","2007-01-01","2007-12-31"
"95370","Marines","95370","Marines","200035970","Communauté de communes Vexin Centre","95","Val-d'Oise","11","Île-de-France","095OPA004","OPAH PARC NATUREL REGIONAL VEXIN FRANÇAIS","OPAH / OPAH-D","PACT ARIM DU VAL D'OISE","2003-08-01","2007-12-31"
"95370","Marines","95370","Marines","200035970","Communauté de communes Vexin Centre","95","Val-d'Oise","11","Île-de-France","095PIG001","PROGRAMME D'INTERET GENERAL PIG LOGEMENTS VACANTS","PIG","PACT ARIM DU VAL D'OISE","2007-01-01","2007-12-31"
"95371","Marly-la-Ville","95371","Marly-la-Ville","200055655","Communauté d'agglomération Roissy Pays de France","95","Val-d'Oise","11","Île-de-France","095PIG001","PROGRAMME D'INTERET GENERAL PIG LOGEMENTS VACANTS","PIG","PACT ARIM DU VAL D'OISE","2007-01-01","2007-12-31"
"95379","Maudétour-en-Vexin","95379","Maudétour-en-Vexin","249500513","Communauté de communes du Vexin-Val de Seine","95","Val-d'Oise","11","Île-de-France","095OPA004","OPAH PARC NATUREL REGIONAL VEXIN FRANÇAIS","OPAH / OPAH-D","PACT ARIM DU VAL D'OISE","2003-08-01","2007-12-31"
"95379","Maudétour-en-Vexin","95379","Maudétour-en-Vexin","249500513","Communauté de communes du Vexin-Val de Seine","95","Val-d'Oise","11","Île-de-France","095PIG001","PROGRAMME D'INTERET GENERAL PIG LOGEMENTS VACANTS","PIG","PACT ARIM DU VAL D'OISE","2007-01-01","2007-12-31"
"95387","Menouville","95387","Menouville","249500430","Communauté de communes Sausseron Impressionnistes","95","Val-d'Oise","11","Île-de-France","095OPA004","OPAH PARC NATUREL REGIONAL VEXIN FRANÇAIS","OPAH / OPAH-D","PACT ARIM DU VAL D'OISE","2003-08-01","2007-12-31"
"95387","Menouville","95387","Menouville","249500430","Communauté de communes Sausseron Impressionnistes","95","Val-d'Oise","11","Île-de-France","095PIG001","PROGRAMME D'INTERET GENERAL PIG LOGEMENTS VACANTS","PIG","PACT ARIM DU VAL D'OISE","2007-01-01","2007-12-31"
"95388","Menucourt","95388","Menucourt","249500109","Communauté d'agglomération de Cergy-Pontoise","95","Val-d'Oise","11","Île-de-France","095POP010","INGENIERIE POPAC VAL D'OISE","POPAC","URBANIS","2020-11-01","2023-11-01"
"95392","Mériel","95392","Mériel","249500455","Communauté de communes de la Vallée de l'Oise et des Trois Forêts","95","Val-d'Oise","11","Île-de-France","095PIG001","PROGRAMME D'INTERET GENERAL PIG LOGEMENTS VACANTS","PIG","PACT ARIM DU VAL D'OISE","2007-01-01","2007-12-31"
"95394","Méry-sur-Oise","95394","Méry-sur-Oise","249500455","Communauté de communes de la Vallée de l'Oise et des Trois Forêts","95","Val-d'Oise","11","Île-de-France","095PIG001","PROGRAMME D'INTERET GENERAL PIG LOGEMENTS VACANTS","PIG","PACT ARIM DU VAL D'OISE","2007-01-01","2007-12-31"
"95395","Le Mesnil-Aubry","95395","Le Mesnil-Aubry","200055655","Communauté d'agglomération Roissy Pays de France","95","Val-d'Oise","11","Île-de-France","095PIG001","PROGRAMME D'INTERET GENERAL PIG LOGEMENTS VACANTS","PIG","PACT ARIM DU VAL D'OISE","2007-01-01","2007-12-31"
"95409","Moisselles","95409","Moisselles","200056380","Communauté d'agglomération Plaine Vallée","95","Val-d'Oise","11","Île-de-France","095PIG001","PROGRAMME D'INTERET GENERAL PIG LOGEMENTS VACANTS","PIG","PACT ARIM DU VAL D'OISE","2007-01-01","2007-12-31"
"95422","Montgeroult","95422","Montgeroult","200035970","Communauté de communes Vexin Centre","95","Val-d'Oise","11","Île-de-France","095PIG001","PROGRAMME D'INTERET GENERAL PIG LOGEMENTS VACANTS","PIG","PACT ARIM DU VAL D'OISE","2007-01-01","2007-12-31"
"95422","Montgeroult","95422","Montgeroult","200035970","Communauté de communes Vexin Centre","95","Val-d'Oise","11","Île-de-France","095OPA004","OPAH PARC NATUREL REGIONAL VEXIN FRANÇAIS","OPAH / OPAH-D","PACT ARIM DU VAL D'OISE","2003-08-01","2007-12-31"
"95424","Montigny-lès-Cormeilles","95424","Montigny-lès-Cormeilles","200058485","Communauté d'agglomération Val Parisis","95","Val-d'Oise","11","Île-de-France","095COP022","PLS LES SOURCES MONTIGNY LES CORMEILLES","PLS","CITEMETRIE","2009-12-10","2014-12-09"
"95424","Montigny-lès-Cormeilles","95424","Montigny-lès-Cormeilles","200058485","Communauté d'agglomération Val Parisis","95","Val-d'Oise","11","Île-de-France","095COP023","PLS DIDEROT MARMONTEL MONTIGNY LES CORMEILLES","PLS","CITEMETRIE","2009-12-10","2014-12-09"
"95424","Montigny-lès-Cormeilles","95424","Montigny-lès-Cormeilles","200058485","Communauté d'agglomération Val Parisis","95","Val-d'Oise","11","Île-de-France","095PIG001","PROGRAMME D'INTERET GENERAL PIG LOGEMENTS VACANTS","PIG","PACT ARIM DU VAL D'OISE","2007-01-01","2007-12-31"
"95426","Montlignon","95426","Montlignon","200056380","Communauté d'agglomération Plaine Vallée","95","Val-d'Oise","11","Île-de-France","095PIG001","PROGRAMME D'INTERET GENERAL PIG LOGEMENTS VACANTS","PIG","PACT ARIM DU VAL D'OISE","2007-01-01","2007-12-31"
"95427","Montmagny","95427","Montmagny","200056380","Communauté d'agglomération Plaine Vallée","95","Val-d'Oise","11","Île-de-France","095PIG001","PROGRAMME D'INTERET GENERAL PIG LOGEMENTS VACANTS","PIG","PACT ARIM DU VAL D'OISE","2007-01-01","2007-12-31"
"95428","Montmorency","95428","Montmorency","200056380","Communauté d'agglomération Plaine Vallée","95","Val-d'Oise","11","Île-de-France","095PIG001","PROGRAMME D'INTERET GENERAL PIG LOGEMENTS VACANTS","PIG","PACT ARIM DU VAL D'OISE","2007-01-01","2007-12-31"
"95429","Montreuil-sur-Epte","95429","Montreuil-sur-Epte","249500513","Communauté de communes du Vexin-Val de Seine","95","Val-d'Oise","11","Île-de-France","095PIG001","PROGRAMME D'INTERET GENERAL PIG LOGEMENTS VACANTS","PIG","PACT ARIM DU VAL D'OISE","2007-01-01","2007-12-31"
"95429","Montreuil-sur-Epte","95429","Montreuil-sur-Epte","249500513","Communauté de communes du Vexin-Val de Seine","95","Val-d'Oise","11","Île-de-France","095OPA004","OPAH PARC NATUREL REGIONAL VEXIN FRANÇAIS","OPAH / OPAH-D","PACT ARIM DU VAL D'OISE","2003-08-01","2007-12-31"
"95430","Montsoult","95430","Montsoult","200073013","Communauté de communes Carnelle Pays-de-France","95","Val-d'Oise","11","Île-de-France","095PIG001","PROGRAMME D'INTERET GENERAL PIG LOGEMENTS VACANTS","PIG","PACT ARIM DU VAL D'OISE","2007-01-01","2007-12-31"
"95436","Mours","95436","Mours","249500489","Communauté de communes du Haut Val d'Oise","95","Val-d'Oise","11","Île-de-France","095OPA011","OPAH CCHVO","OPAH","CITEMETRIE ANTENNE REGIONALE ILE DE FRANCE","2024-10-01","2027-09-30"
"95436","Mours","95436","Mours","249500489","Communauté de communes du Haut Val d'Oise","95","Val-d'Oise","11","Île-de-France","095PIG001","PROGRAMME D'INTERET GENERAL PIG LOGEMENTS VACANTS","PIG","PACT ARIM DU VAL D'OISE","2007-01-01","2007-12-31"
"95436","Mours","95436","Mours","249500489","Communauté de communes du Haut Val d'Oise","95","Val-d'Oise","11","Île-de-France","095PIG002","PIG HABITER MIEUX CCHVO","PIG","SOLIHA PARIS.HAUTS DE SEINE.VAL D'OISE","2014-02-21","2018-12-31"
"95436","Mours","95436","Mours","249500489","Communauté de communes du Haut Val d'Oise","95","Val-d'Oise","11","Île-de-France","095COP040","OPAH COPRO DEGRADEE CC DU HAUT VAL D'OISE CCHVO","OPAH-D","SOLIHA PARIS.HAUTS DE SEINE.VAL D'OISE","2014-02-21","2018-12-31"
"95436","Mours","95436","Mours","249500489","Communauté de communes du Haut Val d'Oise","95","Val-d'Oise","11","Île-de-France","095OPA007","OPAH CC DU HAUT VAL D'OISE CCHVO","OPAH","SOLIHA PARIS.HAUTS DE SEINE.VAL D'OISE","2014-02-21","2018-12-31"
"95438","Moussy","95438","Moussy","200035970","Communauté de communes Vexin Centre","95","Val-d'Oise","11","Île-de-France","095PIG001","PROGRAMME D'INTERET GENERAL PIG LOGEMENTS VACANTS","PIG","PACT ARIM DU VAL D'OISE","2007-01-01","2007-12-31"
"95438","Moussy","95438","Moussy","200035970","Communauté de communes Vexin Centre","95","Val-d'Oise","11","Île-de-France","095OPA004","OPAH PARC NATUREL REGIONAL VEXIN FRANÇAIS","OPAH / OPAH-D","PACT ARIM DU VAL D'OISE","2003-08-01","2007-12-31"
"95445","Nerville-la-Forêt","95445","Nerville-la-Forêt","249500455","Communauté de communes de la Vallée de l'Oise et des Trois Forêts","95","Val-d'Oise","11","Île-de-France","095PIG001","PROGRAMME D'INTERET GENERAL PIG LOGEMENTS VACANTS","PIG","PACT ARIM DU VAL D'OISE","2007-01-01","2007-12-31"
"95446","Nesles-la-Vallée","95446","Nesles-la-Vallée","249500430","Communauté de communes Sausseron Impressionnistes","95","Val-d'Oise","11","Île-de-France","095OPA004","OPAH PARC NATUREL REGIONAL VEXIN FRANÇAIS","OPAH / OPAH-D","PACT ARIM DU VAL D'OISE","2003-08-01","2007-12-31"
"95446","Nesles-la-Vallée","95446","Nesles-la-Vallée","249500430","Communauté de communes Sausseron Impressionnistes","95","Val-d'Oise","11","Île-de-France","095PIG001","PROGRAMME D'INTERET GENERAL PIG LOGEMENTS VACANTS","PIG","PACT ARIM DU VAL D'OISE","2007-01-01","2007-12-31"
"95447","Neuilly-en-Vexin","95447","Neuilly-en-Vexin","200035970","Communauté de communes Vexin Centre","95","Val-d'Oise","11","Île-de-France","095PIG001","PROGRAMME D'INTERET GENERAL PIG LOGEMENTS VACANTS","PIG","PACT ARIM DU VAL D'OISE","2007-01-01","2007-12-31"
"95447","Neuilly-en-Vexin","95447","Neuilly-en-Vexin","200035970","Communauté de communes Vexin Centre","95","Val-d'Oise","11","Île-de-France","095OPA004","OPAH PARC NATUREL REGIONAL VEXIN FRANÇAIS","OPAH / OPAH-D","PACT ARIM DU VAL D'OISE","2003-08-01","2007-12-31"
"95452","Nointel","95452","Nointel","249500489","Communauté de communes du Haut Val d'Oise","95","Val-d'Oise","11","Île-de-France","095PIG002","PIG HABITER MIEUX CCHVO","PIG","SOLIHA PARIS.HAUTS DE SEINE.VAL D'OISE","2014-02-21","2018-12-31"
"95452","Nointel","95452","Nointel","249500489","Communauté de communes du Haut Val d'Oise","95","Val-d'Oise","11","Île-de-France","095PIG001","PROGRAMME D'INTERET GENERAL PIG LOGEMENTS VACANTS","PIG","PACT ARIM DU VAL D'OISE","2007-01-01","2007-12-31"
"95452","Nointel","95452","Nointel","249500489","Communauté de communes du Haut Val d'Oise","95","Val-d'Oise","11","Île-de-France","095OPA007","OPAH CC DU HAUT VAL D'OISE CCHVO","OPAH","SOLIHA PARIS.HAUTS DE SEINE.VAL D'OISE","2014-02-21","2018-12-31"
"95452","Nointel","95452","Nointel","249500489","Communauté de communes du Haut Val d'Oise","95","Val-d'Oise","11","Île-de-France","095OPA011","OPAH CCHVO","OPAH","CITEMETRIE ANTENNE REGIONALE ILE DE FRANCE","2024-10-01","2027-09-30"
"95452","Nointel","95452","Nointel","249500489","Communauté de communes du Haut Val d'Oise","95","Val-d'Oise","11","Île-de-France","095COP040","OPAH COPRO DEGRADEE CC DU HAUT VAL D'OISE CCHVO","OPAH-D","SOLIHA PARIS.HAUTS DE SEINE.VAL D'OISE","2014-02-21","2018-12-31"
"95456","Noisy-sur-Oise","95456","Noisy-sur-Oise","249500489","Communauté de communes du Haut Val d'Oise","95","Val-d'Oise","11","Île-de-France","095OPA011","OPAH CCHVO","OPAH","CITEMETRIE ANTENNE REGIONALE ILE DE FRANCE","2024-10-01","2027-09-30"
"95456","Noisy-sur-Oise","95456","Noisy-sur-Oise","249500489","Communauté de communes du Haut Val d'Oise","95","Val-d'Oise","11","Île-de-France","095OPA007","OPAH CC DU HAUT VAL D'OISE CCHVO","OPAH","SOLIHA PARIS.HAUTS DE SEINE.VAL D'OISE","2014-02-21","2018-12-31"
"95456","Noisy-sur-Oise","95456","Noisy-sur-Oise","249500489","Communauté de communes du Haut Val d'Oise","95","Val-d'Oise","11","Île-de-France","095COP040","OPAH COPRO DEGRADEE CC DU HAUT VAL D'OISE CCHVO","OPAH-D","SOLIHA PARIS.HAUTS DE SEINE.VAL D'OISE","2014-02-21","2018-12-31"
"95456","Noisy-sur-Oise","95456","Noisy-sur-Oise","249500489","Communauté de communes du Haut Val d'Oise","95","Val-d'Oise","11","Île-de-France","095PIG001","PROGRAMME D'INTERET GENERAL PIG LOGEMENTS VACANTS","PIG","PACT ARIM DU VAL D'OISE","2007-01-01","2007-12-31"
"95459","Nucourt","95459","Nucourt","200035970","Communauté de communes Vexin Centre","95","Val-d'Oise","11","Île-de-France","095OPA004","OPAH PARC NATUREL REGIONAL VEXIN FRANÇAIS","OPAH / OPAH-D","PACT ARIM DU VAL D'OISE","2003-08-01","2007-12-31"
"95459","Nucourt","95459","Nucourt","200035970","Communauté de communes Vexin Centre","95","Val-d'Oise","11","Île-de-France","095PIG001","PROGRAMME D'INTERET GENERAL PIG LOGEMENTS VACANTS","PIG","PACT ARIM DU VAL D'OISE","2007-01-01","2007-12-31"
"95462","Omerville","95462","Omerville","249500513","Communauté de communes du Vexin-Val de Seine","95","Val-d'Oise","11","Île-de-France","095PIG001","PROGRAMME D'INTERET GENERAL PIG LOGEMENTS VACANTS","PIG","PACT ARIM DU VAL D'OISE","2007-01-01","2007-12-31"
"95462","Omerville","95462","Omerville","249500513","Communauté de communes du Vexin-Val de Seine","95","Val-d'Oise","11","Île-de-France","095OPA004","OPAH PARC NATUREL REGIONAL VEXIN FRANÇAIS","OPAH / OPAH-D","PACT ARIM DU VAL D'OISE","2003-08-01","2007-12-31"
"95480","Parmain","95480","Parmain","249500455","Communauté de communes de la Vallée de l'Oise et des Trois Forêts","95","Val-d'Oise","11","Île-de-France","095PIG001","PROGRAMME D'INTERET GENERAL PIG LOGEMENTS VACANTS","PIG","PACT ARIM DU VAL D'OISE","2007-01-01","2007-12-31"
"95480","Parmain","95480","Parmain","249500455","Communauté de communes de la Vallée de l'Oise et des Trois Forêts","95","Val-d'Oise","11","Île-de-France","095OPA004","OPAH PARC NATUREL REGIONAL VEXIN FRANÇAIS","OPAH / OPAH-D","PACT ARIM DU VAL D'OISE","2003-08-01","2007-12-31"
"95483","Le Perchay","95483","Le Perchay","200035970","Communauté de communes Vexin Centre","95","Val-d'Oise","11","Île-de-France","095OPA004","OPAH PARC NATUREL REGIONAL VEXIN FRANÇAIS","OPAH / OPAH-D","PACT ARIM DU VAL D'OISE","2003-08-01","2007-12-31"
"95483","Le Perchay","95483","Le Perchay","200035970","Communauté de communes Vexin Centre","95","Val-d'Oise","11","Île-de-France","095PIG001","PROGRAMME D'INTERET GENERAL PIG LOGEMENTS VACANTS","PIG","PACT ARIM DU VAL D'OISE","2007-01-01","2007-12-31"
"95487","Persan","95487","Persan","249500489","Communauté de communes du Haut Val d'Oise","95","Val-d'Oise","11","Île-de-France","095COP040","OPAH COPRO DEGRADEE CC DU HAUT VAL D'OISE CCHVO","OPAH-D","SOLIHA PARIS.HAUTS DE SEINE.VAL D'OISE","2014-02-21","2018-12-31"
"95487","Persan","95487","Persan","249500489","Communauté de communes du Haut Val d'Oise","95","Val-d'Oise","11","Île-de-France","095OPA011","OPAH CCHVO","OPAH","CITEMETRIE ANTENNE REGIONALE ILE DE FRANCE","2024-10-01","2027-09-30"
"95487","Persan","95487","Persan","249500489","Communauté de communes du Haut Val d'Oise","95","Val-d'Oise","11","Île-de-France","095OPA007","OPAH CC DU HAUT VAL D'OISE CCHVO","OPAH","SOLIHA PARIS.HAUTS DE SEINE.VAL D'OISE","2014-02-21","2018-12-31"
"95487","Persan","95487","Persan","249500489","Communauté de communes du Haut Val d'Oise","95","Val-d'Oise","11","Île-de-France","095PIG002","PIG HABITER MIEUX CCHVO","PIG","SOLIHA PARIS.HAUTS DE SEINE.VAL D'OISE","2014-02-21","2018-12-31"
"95487","Persan","95487","Persan","249500489","Communauté de communes du Haut Val d'Oise","95","Val-d'Oise","11","Île-de-France","095PIG001","PROGRAMME D'INTERET GENERAL PIG LOGEMENTS VACANTS","PIG","PACT ARIM DU VAL D'OISE","2007-01-01","2007-12-31"
"95487","Persan","95487","Persan","249500489","Communauté de communes du Haut Val d'Oise","95","Val-d'Oise","11","Île-de-France","095OPA010","OPAH RU PERSAN BEAUMONT SUR OISE","OPAH-RU","CITEMETRIE","2024-10-01","2029-09-30"
"95488","Pierrelaye","95488","Pierrelaye","200058485","Communauté d'agglomération Val Parisis","95","Val-d'Oise","11","Île-de-France","095PIG001","PROGRAMME D'INTERET GENERAL PIG LOGEMENTS VACANTS","PIG","PACT ARIM DU VAL D'OISE","2007-01-01","2007-12-31"
"95489","Piscop","95489","Piscop","200056380","Communauté d'agglomération Plaine Vallée","95","Val-d'Oise","11","Île-de-France","095PIG001","PROGRAMME D'INTERET GENERAL PIG LOGEMENTS VACANTS","PIG","PACT ARIM DU VAL D'OISE","2007-01-01","2007-12-31"
"95491","Le Plessis-Bouchard","95491","Le Plessis-Bouchard","200058485","Communauté d'agglomération Val Parisis","95","Val-d'Oise","11","Île-de-France","095PIG001","PROGRAMME D'INTERET GENERAL PIG LOGEMENTS VACANTS","PIG","PACT ARIM DU VAL D'OISE","2007-01-01","2007-12-31"
"95492","Le Plessis-Gassot","95492","Le Plessis-Gassot","200055655","Communauté d'agglomération Roissy Pays de France","95","Val-d'Oise","11","Île-de-France","095PIG001","PROGRAMME D'INTERET GENERAL PIG LOGEMENTS VACANTS","PIG","PACT ARIM DU VAL D'OISE","2007-01-01","2007-12-31"
"95493","Le Plessis-Luzarches","95493","Le Plessis-Luzarches","200073013","Communauté de communes Carnelle Pays-de-France","95","Val-d'Oise","11","Île-de-France","095PIG001","PROGRAMME D'INTERET GENERAL PIG LOGEMENTS VACANTS","PIG","PACT ARIM DU VAL D'OISE","2007-01-01","2007-12-31"
"95500","Pontoise","95500","Pontoise","249500109","Communauté d'agglomération de Cergy-Pontoise","95","Val-d'Oise","11","Île-de-France","095OPA001","OPAH CLASSIQUE CENTRE ANCIEN PONTOISE","OPAH","OZONE","2007-01-02","2009-12-31"
"95500","Pontoise","95500","Pontoise","249500109","Communauté d'agglomération de Cergy-Pontoise","95","Val-d'Oise","11","Île-de-France","095COP027","OPAH DEGRADEE LES HAUTS DE MARCOUVILLE BATIMENT D PONTOISE","OPAH-D","SOLIHA","2012-01-01","2016-12-31"
"95500","Pontoise","95500","Pontoise","249500109","Communauté d'agglomération de Cergy-Pontoise","95","Val-d'Oise","11","Île-de-France","095COP026","OPAH DEGRADEE LES HAUTS DE MARCOUVILLE BATIMENT A PONTOISE","OPAH-D","SOLIHA","2012-01-01","2016-12-31"
"95500","Pontoise","95500","Pontoise","249500109","Communauté d'agglomération de Cergy-Pontoise","95","Val-d'Oise","11","Île-de-France","095COP025","OPAH DEGRADEE LES HAUTS DE MARCOUVILLE BATIMENT B PONTOISE","OPAH-D","SOLIHA","2012-01-01","2016-12-31"
"95500","Pontoise","95500","Pontoise","249500109","Communauté d'agglomération de Cergy-Pontoise","95","Val-d'Oise","11","Île-de-France","095OPA001","OPAH CENTRE ANCIEN DE PONTOISE AVEC VOLETS COPROPRIETES DEGRADEES","OPAH-D","OZONE","2007-01-02","2009-12-31"
"95504","Presles","95504","Presles","249500455","Communauté de communes de la Vallée de l'Oise et des Trois Forêts","95","Val-d'Oise","11","Île-de-France","095PIG001","PROGRAMME D'INTERET GENERAL PIG LOGEMENTS VACANTS","PIG","PACT ARIM DU VAL D'OISE","2007-01-01","2007-12-31"
"95509","Puiseux-en-France","95509","Puiseux-en-France","200055655","Communauté d'agglomération Roissy Pays de France","95","Val-d'Oise","11","Île-de-France","095PIG001","PROGRAMME D'INTERET GENERAL PIG LOGEMENTS VACANTS","PIG","PACT ARIM DU VAL D'OISE","2007-01-01","2007-12-31"
"95523","La Roche-Guyon","95523","La Roche-Guyon","249500513","Communauté de communes du Vexin-Val de Seine","95","Val-d'Oise","11","Île-de-France","095OPA004","OPAH PARC NATUREL REGIONAL VEXIN FRANÇAIS","OPAH / OPAH-D","PACT ARIM DU VAL D'OISE","2003-08-01","2007-12-31"
"95523","La Roche-Guyon","95523","La Roche-Guyon","249500513","Communauté de communes du Vexin-Val de Seine","95","Val-d'Oise","11","Île-de-France","095PIG001","PROGRAMME D'INTERET GENERAL PIG LOGEMENTS VACANTS","PIG","PACT ARIM DU VAL D'OISE","2007-01-01","2007-12-31"
"95527","Roissy-en-France","95527","Roissy-en-France","200055655","Communauté d'agglomération Roissy Pays de France","95","Val-d'Oise","11","Île-de-France","095PIG001","PROGRAMME D'INTERET GENERAL PIG LOGEMENTS VACANTS","PIG","PACT ARIM DU VAL D'OISE","2007-01-01","2007-12-31"
"95529","Ronquerolles","95529","Ronquerolles","249500489","Communauté de communes du Haut Val d'Oise","95","Val-d'Oise","11","Île-de-France","095OPA004","OPAH PARC NATUREL REGIONAL VEXIN FRANÇAIS","OPAH / OPAH-D","PACT ARIM DU VAL D'OISE","2003-08-01","2007-12-31"
"95529","Ronquerolles","95529","Ronquerolles","249500489","Communauté de communes du Haut Val d'Oise","95","Val-d'Oise","11","Île-de-France","095PIG001","PROGRAMME D'INTERET GENERAL PIG LOGEMENTS VACANTS","PIG","PACT ARIM DU VAL D'OISE","2007-01-01","2007-12-31"
"95529","Ronquerolles","95529","Ronquerolles","249500489","Communauté de communes du Haut Val d'Oise","95","Val-d'Oise","11","Île-de-France","095COP040","OPAH COPRO DEGRADEE CC DU HAUT VAL D'OISE CCHVO","OPAH-D","SOLIHA PARIS.HAUTS DE SEINE.VAL D'OISE","2014-02-21","2018-12-31"
"95529","Ronquerolles","95529","Ronquerolles","249500489","Communauté de communes du Haut Val d'Oise","95","Val-d'Oise","11","Île-de-France","095OPA007","OPAH CC DU HAUT VAL D'OISE CCHVO","OPAH","SOLIHA PARIS.HAUTS DE SEINE.VAL D'OISE","2014-02-21","2018-12-31"
"95529","Ronquerolles","95529","Ronquerolles","249500489","Communauté de communes du Haut Val d'Oise","95","Val-d'Oise","11","Île-de-France","095OPA011","OPAH CCHVO","OPAH","CITEMETRIE ANTENNE REGIONALE ILE DE FRANCE","2024-10-01","2027-09-30"
"95529","Ronquerolles","95529","Ronquerolles","249500489","Communauté de communes du Haut Val d'Oise","95","Val-d'Oise","11","Île-de-France","095PIG002","PIG HABITER MIEUX CCHVO","PIG","SOLIHA PARIS.HAUTS DE SEINE.VAL D'OISE","2014-02-21","2018-12-31"
"95535","Sagy","95535","Sagy","200035970","Communauté de communes Vexin Centre","95","Val-d'Oise","11","Île-de-France","095PIG001","PROGRAMME D'INTERET GENERAL PIG LOGEMENTS VACANTS","PIG","PACT ARIM DU VAL D'OISE","2007-01-01","2007-12-31"
"95535","Sagy","95535","Sagy","200035970","Communauté de communes Vexin Centre","95","Val-d'Oise","11","Île-de-France","095OPA004","OPAH PARC NATUREL REGIONAL VEXIN FRANÇAIS","OPAH / OPAH-D","PACT ARIM DU VAL D'OISE","2003-08-01","2007-12-31"
"95539","Saint-Brice-sous-Forêt","95539","Saint-Brice-sous-Forêt","200056380","Communauté d'agglomération Plaine Vallée","95","Val-d'Oise","11","Île-de-France","095PIG001","PROGRAMME D'INTERET GENERAL PIG LOGEMENTS VACANTS","PIG","PACT ARIM DU VAL D'OISE","2007-01-01","2007-12-31"
"95541","Saint-Clair-sur-Epte","95541","Saint-Clair-sur-Epte","249500513","Communauté de communes du Vexin-Val de Seine","95","Val-d'Oise","11","Île-de-France","095PIG001","PROGRAMME D'INTERET GENERAL PIG LOGEMENTS VACANTS","PIG","PACT ARIM DU VAL D'OISE","2007-01-01","2007-12-31"
"95541","Saint-Clair-sur-Epte","95541","Saint-Clair-sur-Epte","249500513","Communauté de communes du Vexin-Val de Seine","95","Val-d'Oise","11","Île-de-France","095OPA004","OPAH PARC NATUREL REGIONAL VEXIN FRANÇAIS","OPAH / OPAH-D","PACT ARIM DU VAL D'OISE","2003-08-01","2007-12-31"
"95543","Saint-Cyr-en-Arthies","95543","Saint-Cyr-en-Arthies","249500513","Communauté de communes du Vexin-Val de Seine","95","Val-d'Oise","11","Île-de-France","095PIG001","PROGRAMME D'INTERET GENERAL PIG LOGEMENTS VACANTS","PIG","PACT ARIM DU VAL D'OISE","2007-01-01","2007-12-31"
"95543","Saint-Cyr-en-Arthies","95543","Saint-Cyr-en-Arthies","249500513","Communauté de communes du Vexin-Val de Seine","95","Val-d'Oise","11","Île-de-France","095OPA004","OPAH PARC NATUREL REGIONAL VEXIN FRANÇAIS","OPAH / OPAH-D","PACT ARIM DU VAL D'OISE","2003-08-01","2007-12-31"
"95554","Saint-Gervais","95554","Saint-Gervais","249500513","Communauté de communes du Vexin-Val de Seine","95","Val-d'Oise","11","Île-de-France","095PIG001","PROGRAMME D'INTERET GENERAL PIG LOGEMENTS VACANTS","PIG","PACT ARIM DU VAL D'OISE","2007-01-01","2007-12-31"
"95554","Saint-Gervais","95554","Saint-Gervais","249500513","Communauté de communes du Vexin-Val de Seine","95","Val-d'Oise","11","Île-de-France","095OPA004","OPAH PARC NATUREL REGIONAL VEXIN FRANÇAIS","OPAH / OPAH-D","PACT ARIM DU VAL D'OISE","2003-08-01","2007-12-31"
"95555","Saint-Gratien","95555","Saint-Gratien","200056380","Communauté d'agglomération Plaine Vallée","95","Val-d'Oise","11","Île-de-France","095PIG001","PROGRAMME D'INTERET GENERAL PIG LOGEMENTS VACANTS","PIG","PACT ARIM DU VAL D'OISE","2007-01-01","2007-12-31"
"95563","Saint-Leu-la-Forêt","95563","Saint-Leu-la-Forêt","200058485","Communauté d'agglomération Val Parisis","95","Val-d'Oise","11","Île-de-France","095PIG001","PROGRAMME D'INTERET GENERAL PIG LOGEMENTS VACANTS","PIG","PACT ARIM DU VAL D'OISE","2007-01-01","2007-12-31"
"95566","Saint-Martin-du-Tertre","95566","Saint-Martin-du-Tertre","200073013","Communauté de communes Carnelle Pays-de-France","95","Val-d'Oise","11","Île-de-France","095PIG001","PROGRAMME D'INTERET GENERAL PIG LOGEMENTS VACANTS","PIG","PACT ARIM DU VAL D'OISE","2007-01-01","2007-12-31"
"95574","Saint-Prix","95574","Saint-Prix","200056380","Communauté d'agglomération Plaine Vallée","95","Val-d'Oise","11","Île-de-France","095PIG001","PROGRAMME D'INTERET GENERAL PIG LOGEMENTS VACANTS","PIG","PACT ARIM DU VAL D'OISE","2007-01-01","2007-12-31"
"95580","Saint-Witz","95580","Saint-Witz","200055655","Communauté d'agglomération Roissy Pays de France","95","Val-d'Oise","11","Île-de-France","095PIG001","PROGRAMME D'INTERET GENERAL PIG LOGEMENTS VACANTS","PIG","PACT ARIM DU VAL D'OISE","2007-01-01","2007-12-31"
"95582","Sannois","95582","Sannois","200058485","Communauté d'agglomération Val Parisis","95","Val-d'Oise","11","Île-de-France","095PIG001","PROGRAMME D'INTERET GENERAL PIG LOGEMENTS VACANTS","PIG","PACT ARIM DU VAL D'OISE","2007-01-01","2007-12-31"
"95584","Santeuil","95584","Santeuil","200035970","Communauté de communes Vexin Centre","95","Val-d'Oise","11","Île-de-France","095OPA004","OPAH PARC NATUREL REGIONAL VEXIN FRANÇAIS","OPAH / OPAH-D","PACT ARIM DU VAL D'OISE","2003-08-01","2007-12-31"
"95584","Santeuil","95584","Santeuil","200035970","Communauté de communes Vexin Centre","95","Val-d'Oise","11","Île-de-France","095PIG001","PROGRAMME D'INTERET GENERAL PIG LOGEMENTS VACANTS","PIG","PACT ARIM DU VAL D'OISE","2007-01-01","2007-12-31"
"95585","Sarcelles","95585","Sarcelles","200055655","Communauté d'agglomération Roissy Pays de France","95","Val-d'Oise","11","Île-de-France","095PIG001","PROGRAMME D'INTERET GENERAL PIG LOGEMENTS VACANTS","PIG","PACT ARIM DU VAL D'OISE","2007-01-01","2007-12-31"
"95585","Sarcelles","95585","Sarcelles","200055655","Communauté d'agglomération Roissy Pays de France","95","Val-d'Oise","11","Île-de-France","095COP035","OPAH COPROPRIETE DEGRADEE 2 BOULEVARD MAURICE RAVEL SARCELLES","OPAH-D","CITEMETRIE","2015-10-20","2018-10-19"
"95585","Sarcelles","95585","Sarcelles","200055655","Communauté d'agglomération Roissy Pays de France","95","Val-d'Oise","11","Île-de-France","095COP046","ORCOD SARCELLES LOCHERES TOUR 75","OPAH-D","URBANIS 95","2022-07-01","2029-06-30"
"95585","Sarcelles","95585","Sarcelles","200055655","Communauté d'agglomération Roissy Pays de France","95","Val-d'Oise","11","Île-de-France","095COP031","PLS COPROPRIETE TOUR 75 SARCELLES","PLS","APIC","2014-03-14","2019-03-13"
"95585","Sarcelles","95585","Sarcelles","200055655","Communauté d'agglomération Roissy Pays de France","95","Val-d'Oise","11","Île-de-France","095COP011","PLAN DE SAUVEGARDE SARCELLES SIX COPROPRIETES","PLS","CITEMETRIE","2002-01-15","2007-01-15"
"95585","Sarcelles","95585","Sarcelles","200055655","Communauté d'agglomération Roissy Pays de France","95","Val-d'Oise","11","Île-de-France","095COP029","PLS RESIDENCE CHARCOT SARCELLES","PLS","BUREAU D'ETUDE APIC","2012-07-01","2019-06-30"
"95592","Seraincourt","95592","Seraincourt","200035970","Communauté de communes Vexin Centre","95","Val-d'Oise","11","Île-de-France","095OPA004","OPAH PARC NATUREL REGIONAL VEXIN FRANÇAIS","OPAH / OPAH-D","PACT ARIM DU VAL D'OISE","2003-08-01","2007-12-31"
"95592","Seraincourt","95592","Seraincourt","200035970","Communauté de communes Vexin Centre","95","Val-d'Oise","11","Île-de-France","095PIG001","PROGRAMME D'INTERET GENERAL PIG LOGEMENTS VACANTS","PIG","PACT ARIM DU VAL D'OISE","2007-01-01","2007-12-31"
"95594","Seugy","95594","Seugy","200073013","Communauté de communes Carnelle Pays-de-France","95","Val-d'Oise","11","Île-de-France","095PIG001","PROGRAMME D'INTERET GENERAL PIG LOGEMENTS VACANTS","PIG","PACT ARIM DU VAL D'OISE","2007-01-01","2007-12-31"
"95598","Soisy-sous-Montmorency","95598","Soisy-sous-Montmorency","200056380","Communauté d'agglomération Plaine Vallée","95","Val-d'Oise","11","Île-de-France","095PIG001","PROGRAMME D'INTERET GENERAL PIG LOGEMENTS VACANTS","PIG","PACT ARIM DU VAL D'OISE","2007-01-01","2007-12-31"
"95604","Survilliers","95604","Survilliers","200055655","Communauté d'agglomération Roissy Pays de France","95","Val-d'Oise","11","Île-de-France","095PIG001","PROGRAMME D'INTERET GENERAL PIG LOGEMENTS VACANTS","PIG","PACT ARIM DU VAL D'OISE","2007-01-01","2007-12-31"
"95607","Taverny","95607","Taverny","200058485","Communauté d'agglomération Val Parisis","95","Val-d'Oise","11","Île-de-France","095PIG001","PROGRAMME D'INTERET GENERAL PIG LOGEMENTS VACANTS","PIG","PACT ARIM DU VAL D'OISE","2007-01-01","2007-12-31"
"95610","Théméricourt","95610","Théméricourt","200035970","Communauté de communes Vexin Centre","95","Val-d'Oise","11","Île-de-France","095PIG001","PROGRAMME D'INTERET GENERAL PIG LOGEMENTS VACANTS","PIG","PACT ARIM DU VAL D'OISE","2007-01-01","2007-12-31"
"95610","Théméricourt","95610","Théméricourt","200035970","Communauté de communes Vexin Centre","95","Val-d'Oise","11","Île-de-France","095OPA004","OPAH PARC NATUREL REGIONAL VEXIN FRANÇAIS","OPAH / OPAH-D","PACT ARIM DU VAL D'OISE","2003-08-01","2007-12-31"
"95611","Theuville","95611","Theuville","200035970","Communauté de communes Vexin Centre","95","Val-d'Oise","11","Île-de-France","095PIG001","PROGRAMME D'INTERET GENERAL PIG LOGEMENTS VACANTS","PIG","PACT ARIM DU VAL D'OISE","2007-01-01","2007-12-31"
"95612","Le Thillay","95612","Le Thillay","200055655","Communauté d'agglomération Roissy Pays de France","95","Val-d'Oise","11","Île-de-France","095PIG001","PROGRAMME D'INTERET GENERAL PIG LOGEMENTS VACANTS","PIG","PACT ARIM DU VAL D'OISE","2007-01-01","2007-12-31"
"95625","Us","95625","Us","200035970","Communauté de communes Vexin Centre","95","Val-d'Oise","11","Île-de-France","095PIG001","PROGRAMME D'INTERET GENERAL PIG LOGEMENTS VACANTS","PIG","PACT ARIM DU VAL D'OISE","2007-01-01","2007-12-31"
"95625","Us","95625","Us","200035970","Communauté de communes Vexin Centre","95","Val-d'Oise","11","Île-de-France","095OPA004","OPAH PARC NATUREL REGIONAL VEXIN FRANÇAIS","OPAH / OPAH-D","PACT ARIM DU VAL D'OISE","2003-08-01","2007-12-31"
"95627","Vallangoujard","95627","Vallangoujard","249500430","Communauté de communes Sausseron Impressionnistes","95","Val-d'Oise","11","Île-de-France","095PIG001","PROGRAMME D'INTERET GENERAL PIG LOGEMENTS VACANTS","PIG","PACT ARIM DU VAL D'OISE","2007-01-01","2007-12-31"
"95627","Vallangoujard","95627","Vallangoujard","249500430","Communauté de communes Sausseron Impressionnistes","95","Val-d'Oise","11","Île-de-France","095OPA004","OPAH PARC NATUREL REGIONAL VEXIN FRANÇAIS","OPAH / OPAH-D","PACT ARIM DU VAL D'OISE","2003-08-01","2007-12-31"
"95628","Valmondois","95628","Valmondois","249500430","Communauté de communes Sausseron Impressionnistes","95","Val-d'Oise","11","Île-de-France","095PIG001","PROGRAMME D'INTERET GENERAL PIG LOGEMENTS VACANTS","PIG","PACT ARIM DU VAL D'OISE","2007-01-01","2007-12-31"
"95628","Valmondois","95628","Valmondois","249500430","Communauté de communes Sausseron Impressionnistes","95","Val-d'Oise","11","Île-de-France","095OPA004","OPAH PARC NATUREL REGIONAL VEXIN FRANÇAIS","OPAH / OPAH-D","PACT ARIM DU VAL D'OISE","2003-08-01","2007-12-31"
"95633","Vaudherland","95633","Vaudherland","200055655","Communauté d'agglomération Roissy Pays de France","95","Val-d'Oise","11","Île-de-France","095PIG001","PROGRAMME D'INTERET GENERAL PIG LOGEMENTS VACANTS","PIG","PACT ARIM DU VAL D'OISE","2007-01-01","2007-12-31"
"95641","Vémars","95641","Vémars","200055655","Communauté d'agglomération Roissy Pays de France","95","Val-d'Oise","11","Île-de-France","095PIG001","PROGRAMME D'INTERET GENERAL PIG LOGEMENTS VACANTS","PIG","PACT ARIM DU VAL D'OISE","2007-01-01","2007-12-31"
"95651","Vétheuil","95651","Vétheuil","249500513","Communauté de communes du Vexin-Val de Seine","95","Val-d'Oise","11","Île-de-France","095PIG001","PROGRAMME D'INTERET GENERAL PIG LOGEMENTS VACANTS","PIG","PACT ARIM DU VAL D'OISE","2007-01-01","2007-12-31"
"95651","Vétheuil","95651","Vétheuil","249500513","Communauté de communes du Vexin-Val de Seine","95","Val-d'Oise","11","Île-de-France","095OPA004","OPAH PARC NATUREL REGIONAL VEXIN FRANÇAIS","OPAH / OPAH-D","PACT ARIM DU VAL D'OISE","2003-08-01","2007-12-31"
"95652","Viarmes","95652","Viarmes","200073013","Communauté de communes Carnelle Pays-de-France","95","Val-d'Oise","11","Île-de-France","095PIG001","PROGRAMME D'INTERET GENERAL PIG LOGEMENTS VACANTS","PIG","PACT ARIM DU VAL D'OISE","2007-01-01","2007-12-31"
"95656","Vienne-en-Arthies","95656","Vienne-en-Arthies","249500513","Communauté de communes du Vexin-Val de Seine","95","Val-d'Oise","11","Île-de-France","095PIG001","PROGRAMME D'INTERET GENERAL PIG LOGEMENTS VACANTS","PIG","PACT ARIM DU VAL D'OISE","2007-01-01","2007-12-31"
"95656","Vienne-en-Arthies","95656","Vienne-en-Arthies","249500513","Communauté de communes du Vexin-Val de Seine","95","Val-d'Oise","11","Île-de-France","095OPA004","OPAH PARC NATUREL REGIONAL VEXIN FRANÇAIS","OPAH / OPAH-D","PACT ARIM DU VAL D'OISE","2003-08-01","2007-12-31"
"95658","Vigny","95658","Vigny","200035970","Communauté de communes Vexin Centre","95","Val-d'Oise","11","Île-de-France","095OPA004","OPAH PARC NATUREL REGIONAL VEXIN FRANÇAIS","OPAH / OPAH-D","PACT ARIM DU VAL D'OISE","2003-08-01","2007-12-31"
"95658","Vigny","95658","Vigny","200035970","Communauté de communes Vexin Centre","95","Val-d'Oise","11","Île-de-France","095PIG001","PROGRAMME D'INTERET GENERAL PIG LOGEMENTS VACANTS","PIG","PACT ARIM DU VAL D'OISE","2007-01-01","2007-12-31"
"95660","Villaines-sous-Bois","95660","Villaines-sous-Bois","200073013","Communauté de communes Carnelle Pays-de-France","95","Val-d'Oise","11","Île-de-France","095PIG001","PROGRAMME D'INTERET GENERAL PIG LOGEMENTS VACANTS","PIG","PACT ARIM DU VAL D'OISE","2007-01-01","2007-12-31"
"95675","Villeron","95675","Villeron","200055655","Communauté d'agglomération Roissy Pays de France","95","Val-d'Oise","11","Île-de-France","095PIG001","PROGRAMME D'INTERET GENERAL PIG LOGEMENTS VACANTS","PIG","PACT ARIM DU VAL D'OISE","2007-01-01","2007-12-31"
"95676","Villers-en-Arthies","95676","Villers-en-Arthies","249500513","Communauté de communes du Vexin-Val de Seine","95","Val-d'Oise","11","Île-de-France","095PIG001","PROGRAMME D'INTERET GENERAL PIG LOGEMENTS VACANTS","PIG","PACT ARIM DU VAL D'OISE","2007-01-01","2007-12-31"
"95676","Villers-en-Arthies","95676","Villers-en-Arthies","249500513","Communauté de communes du Vexin-Val de Seine","95","Val-d'Oise","11","Île-de-France","095OPA004","OPAH PARC NATUREL REGIONAL VEXIN FRANÇAIS","OPAH / OPAH-D","PACT ARIM DU VAL D'OISE","2003-08-01","2007-12-31"
"95678","Villiers-Adam","95678","Villiers-Adam","249500455","Communauté de communes de la Vallée de l'Oise et des Trois Forêts","95","Val-d'Oise","11","Île-de-France","095PIG001","PROGRAMME D'INTERET GENERAL PIG LOGEMENTS VACANTS","PIG","PACT ARIM DU VAL D'OISE","2007-01-01","2007-12-31"
"95680","Villiers-le-Bel","95680","Villiers-le-Bel","200055655","Communauté d'agglomération Roissy Pays de France","95","Val-d'Oise","11","Île-de-France","095COP102","OPAH DEGRADEE PRE DE L'ENCLOS II VILLIERS LE BEL","OPAH-D","SOLIHA PARIS.HAUTS DE SEINE.VAL D'OISE","2010-12-01","2013-11-30"
"95680","Villiers-le-Bel","95680","Villiers-le-Bel","200055655","Communauté d'agglomération Roissy Pays de France","95","Val-d'Oise","11","Île-de-France","095COP012","PLAN DE SAUVEGARDE VILLIERS LE BEL LES CASCADES & LA CERISAIE","PLS","SOLIHA","2005-01-01","2010-12-31"
"95680","Villiers-le-Bel","95680","Villiers-le-Bel","200055655","Communauté d'agglomération Roissy Pays de France","95","Val-d'Oise","11","Île-de-France","095COP043","PLS COPROPRIETE LES CHARMES A VILLERS LE BEL","PLS","SOLIHA","2018-09-25","2027-11-29"
"95680","Villiers-le-Bel","95680","Villiers-le-Bel","200055655","Communauté d'agglomération Roissy Pays de France","95","Val-d'Oise","11","Île-de-France","095COP049","OPAH CD COPROS GAMBETTA ET HENRI SELLIER","OPAH-D","A2PIC","2024-05-30","2029-05-30"
"95680","Villiers-le-Bel","95680","Villiers-le-Bel","200055655","Communauté d'agglomération Roissy Pays de France","95","Val-d'Oise","11","Île-de-France","095COP037","PLS DE LA COPROPRIETE PRE DE L'ENCLOS II","PLS","JUNIOR CONSULTING SCIENCE PO","2016-07-18","2023-07-17"
"95680","Villiers-le-Bel","95680","Villiers-le-Bel","200055655","Communauté d'agglomération Roissy Pays de France","95","Val-d'Oise","11","Île-de-France","095COP028","PLS COPROPRIETE LA CERISAIE LES BLEUETS ET LES ACCACIAS VILLIERS LE BEL","PLS","SOLIHA PARIS.HAUTS DE SEINE.VAL D'OISE","2012-07-01","2019-06-30"
"95680","Villiers-le-Bel","95680","Villiers-le-Bel","200055655","Communauté d'agglomération Roissy Pays de France","95","Val-d'Oise","11","Île-de-France","095OPA008","OPAH RU DU VILLAGE DE VILLIERS LE BEL","OPAH-RU","URBANIS","2015-12-22","2020-12-21"
"95680","Villiers-le-Bel","95680","Villiers-le-Bel","200055655","Communauté d'agglomération Roissy Pays de France","95","Val-d'Oise","11","Île-de-France","095COP044","PLS COPROPRIETE MERMOZ","PLS","SOLIHA PARIS.HAUTS DE SEINE.VAL D'OISE","2020-11-30","2027-11-29"
"95680","Villiers-le-Bel","95680","Villiers-le-Bel","200055655","Communauté d'agglomération Roissy Pays de France","95","Val-d'Oise","11","Île-de-France","095PIG001","PROGRAMME D'INTERET GENERAL PIG LOGEMENTS VACANTS","PIG","PACT ARIM DU VAL D'OISE","2007-01-01","2007-12-31"
"95682","Villiers-le-Sec","95682","Villiers-le-Sec","200073013","Communauté de communes Carnelle Pays-de-France","95","Val-d'Oise","11","Île-de-France","095PIG001","PROGRAMME D'INTERET GENERAL PIG LOGEMENTS VACANTS","PIG","PACT ARIM DU VAL D'OISE","2007-01-01","2007-12-31"
"95690","Wy-dit-Joli-Village","95690","Wy-dit-Joli-Village","249500513","Communauté de communes du Vexin-Val de Seine","95","Val-d'Oise","11","Île-de-France","095OPA004","OPAH PARC NATUREL REGIONAL VEXIN FRANÇAIS","OPAH / OPAH-D","PACT ARIM DU VAL D'OISE","2003-08-01","2007-12-31"
"95690","Wy-dit-Joli-Village","95690","Wy-dit-Joli-Village","249500513","Communauté de communes du Vexin-Val de Seine","95","Val-d'Oise","11","Île-de-France","095PIG001","PROGRAMME D'INTERET GENERAL PIG LOGEMENTS VACANTS","PIG","PACT ARIM DU VAL D'OISE","2007-01-01","2007-12-31"
