Code géographique,Libellé géographique,"Résidences principales
Avant 1919
Maison","Résidences principales
Avant 1919
Appartement","Résidences principales
Avant 1919
Autres logements de métropole","Résidences principales
De 1919 à 1945
Maison","Résidences principales
De 1919 à 1945
Appartement","Résidences principales
De 1919 à 1945
Autres logements de métropole","Résidences principales
De 1946 à 1970
Maison","Résidences principales
De 1946 à 1970
Appartement","Résidences principales
De 1946 à 1970
Autres logements de métropole","Résidences principales
De 1971 à 1990
Maison","Résidences principales
De 1971 à 1990
Appartement","Résidences principales
De 1971 à 1990
Autres logements de métropole","Résidences principales
De 1991 à 2005
Maison","Résidences principales
De 1991 à 2005
Appartement","Résidences principales
De 1991 à 2005
Autres logements de métropole","Résidences principales
De 2006 à 2019
Maison","Résidences principales
De 2006 à 2019
Appartement","Résidences principales
De 2006 à 2019
Autres logements de métropole","Logements occasionnels
Avant 1919
Maison","Logements occasionnels
Avant 1919
Appartement","Logements occasionnels
Avant 1919
Autres logements de métropole","Logements occasionnels
De 1919 à 1945
Maison","Logements occasionnels
De 1919 à 1945
Appartement","Logements occasionnels
De 1919 à 1945
Autres logements de métropole","Logements occasionnels
De 1946 à 1970
Maison","Logements occasionnels
De 1946 à 1970
Appartement","Logements occasionnels
De 1946 à 1970
Autres logements de métropole","Logements occasionnels
De 1971 à 1990
Maison","Logements occasionnels
De 1971 à 1990
Appartement","Logements occasionnels
De 1971 à 1990
Autres logements de métropole","Logements occasionnels
De 1991 à 2005
Maison","Logements occasionnels
De 1991 à 2005
Appartement","Logements occasionnels
De 1991 à 2005
Autres logements de métropole","Logements occasionnels
De 2006 à 2019
Maison","Logements occasionnels
De 2006 à 2019
Appartement","Logements occasionnels
De 2006 à 2019
Autres logements de métropole","Résidences secondaires
Avant 1919
Maison","Résidences secondaires
Avant 1919
Appartement","Résidences secondaires
Avant 1919
Autres logements de métropole","Résidences secondaires
De 1919 à 1945
Maison","Résidences secondaires
De 1919 à 1945
Appartement","Résidences secondaires
De 1919 à 1945
Autres logements de métropole","Résidences secondaires
De 1946 à 1970
Maison","Résidences secondaires
De 1946 à 1970
Appartement","Résidences secondaires
De 1946 à 1970
Autres logements de métropole","Résidences secondaires
De 1971 à 1990
Maison","Résidences secondaires
De 1971 à 1990
Appartement","Résidences secondaires
De 1971 à 1990
Autres logements de métropole","Résidences secondaires
De 1991 à 2005
Maison","Résidences secondaires
De 1991 à 2005
Appartement","Résidences secondaires
De 1991 à 2005
Autres logements de métropole","Résidences secondaires
De 2006 à 2019
Maison","Résidences secondaires
De 2006 à 2019
Appartement","Résidences secondaires
De 2006 à 2019
Autres logements de métropole","Logements vacants
Avant 1919
Maison","Logements vacants
Avant 1919
Appartement","Logements vacants
Avant 1919
Autres logements de métropole","Logements vacants
De 1919 à 1945
Maison","Logements vacants
De 1919 à 1945
Appartement","Logements vacants
De 1919 à 1945
Autres logements de métropole","Logements vacants
De 1946 à 1970
Maison","Logements vacants
De 1946 à 1970
Appartement","Logements vacants
De 1946 à 1970
Autres logements de métropole","Logements vacants
De 1971 à 1990
Maison","Logements vacants
De 1971 à 1990
Appartement","Logements vacants
De 1971 à 1990
Autres logements de métropole","Logements vacants
De 1991 à 2005
Maison","Logements vacants
De 1991 à 2005
Appartement","Logements vacants
De 1991 à 2005
Autres logements de métropole","Logements vacants
De 2006 à 2019
Maison","Logements vacants
De 2006 à 2019
Appartement","Logements vacants
De 2006 à 2019
Autres logements de métropole"
95002,Ableiges,53.47176,3.09437,0,21.78867,0.97986,0,23.53553,4.23187,2.14775,172.04417,3.09531,0,53.93301,16.04352,1.04158,62.74294,13.51207,0,1.02287,1.02287,0,0,0,0,1.02287,0,0,0,0,0,0,0,0,0,0,0,1.02287,0,0,0,0,0,2.04574,0,0,4.09148,0,0,0,0,0,1.02287,0,0,6.13721,0,0,1.02287,0,0,2.04574,0,0,13.2973,1.02287,0,6.13721,2.04574,0,3.06861,3.06861,0
95008,Aincourt,41.0644,5.95152,0,24.41222,19.7988,0,29.00422,10.79709,0,80.78777,12.90882,0,54.11911,8.83553,0,14.43017,1.98384,0,0,0,0,0,0,0,0,0,0,0,0,0,0,0,0,0,0,0,8.83496,3.31311,0,2.20874,15.46119,0,0,0,0,1.10437,0,0,2.20874,0,0,0,0,0,5.52185,0,0,2.20874,9.93934,0,1.10437,0,0,5.52185,2.20874,0,1.10437,4.41748,0,0,0,0
95011,Ambleville,69.38418,1.96394,0,9.05802,1.06778,0,27.36157,1.06778,0,27.69564,2.04887,0,17.72149,0,0,8.0202,0,0,0,0,0,0,0,0,0,0,0,0,0,0,0,0,0,0,0,0,6.05797,0,0,0,0,0,3.02899,0,0,3.02899,0,0,2.01932,0,0,1.00966,0,0,5.04831,1.00966,0,1.00966,0,0,4.03865,0,0,8.07729,0,0,1.00966,0,0,0,0,0
95012,Amenucourt,21.40385,0,0,3.05769,0,0,19.36538,0,0,18.34615,0,0,10.19231,0,0,7.13462,1.01923,0,1.01835,0,0,0,0,0,0,0,0,0,0,0,0,0,0,0,3.05505,0,5.09174,0,0,1.01835,0,0,0,0,0,2.0367,0,0,1.01835,0,0,0,0,0,4.07339,0,0,0,0,0,0,0,0,2.0367,0,0,0,0,0,0,0,0
95014,Andilly,74.74051,28.7384,0,37.92831,32.83117,46.99515,87.01854,87.3162,0,244.75279,81.11207,1.02937,103.28984,46.19736,1.02315,54.16566,46.12307,1.02006,0,1.02471,0,1.02471,0,0,0,0,0,2.04943,0,0,0,0,0,0,0,0,0,0,0,2.04943,0,0,0,0,0,1.02471,0,0,0,1.02471,0,0,1.02471,0,7.173,1.02471,0,2.04943,5.12357,78.90304,2.04943,11.27186,0,14.34601,6.14829,1.02471,3.07414,6.14829,0,1.02471,3.07414,0
95018,Argenteuil,606.51455,432.21294,22.58432,3145.66962,1679.94861,37.96144,3469.51394,9704.31224,92.53947,2995.34844,8616.25463,170.69275,1749.43877,3877.4977,334.45392,735.24844,5488.00935,55.28152,0,3.84353,0,24.05301,19.06853,0,10.94466,34.40045,0.93684,6.92332,38.97514,13.00372,0,31.44967,0.98161,0,27.49357,0,3.10843,0,0,15.39435,20.78663,0,17.78326,20.77748,0,19.39906,47.49079,0,4.59242,17.28769,3.08337,7.91355,9.38564,0.93684,7.73812,135.78425,0,152.37379,128.63167,0,220.14584,830.05822,11.13217,172.45515,493.97288,28.18221,65.29658,255.86274,13.29746,40.84886,270.25654,4.65112
95019,Arnouville,105.03095,7.6262,0,533.56048,101.378,0,1208.57175,493.1926,7.34447,1066.65066,481.22364,11.38477,448.54718,262.59485,32.93361,184.17972,52.06333,49.60121,2.94981,0,0,0,0,0,7.8229,0,0,0,5.41554,2.48859,0,2.8154,0,2.55535,0,0,5.98863,0,0,0,0,0,9.64557,0,0,5.47535,3.04805,0,3.8201,0,0,0,0,0,5.89961,11.72816,0,25.70634,15.20241,0,52.65308,28.45519,0,61.55239,26.226,0,25.56018,36.64527,0,10.36983,0,0
95023,Arronville,79.85315,1.86931,0,20.4795,0,0,22.60821,0,0,75.49348,1.00852,0,36.74331,4.8196,0,15.11413,0,0,0,0,1.1694,0,0,0,0,0,0,0,0,0,0,0,0,0,0,0,3.5082,0,0,0,0,0,2.3388,0,0,1.1694,0,0,0,0,0,0,0,0,12.86339,1.1694,0,0,0,0,3.5082,0,0,1.1694,0,0,1.1694,0,0,0,0,0
95024,Arthies,44.97328,0,0,7.81726,0,0,13.97739,0.99263,0,11.91406,0.99263,0.96788,22.35324,0,0,5.19484,0,0,1.96043,0,0,0,0,0,0,0,0,0.98021,0,0,0,0,0,0,0,0,0.98021,0,0,0,0,0,0.98021,0,0,0,0,0,0,0,0,0,0,0,4.90106,1.96043,0,0.98021,0,0,0,0,0,0.98021,0,0,0.98021,0,0,0,0,0
95026,Asnières-sur-Oise,158.85912,21.52121,2.0544,56.05825,21.56756,0,126.42987,13.33442,0,415.64502,22.53705,3.0933,66.0678,7.17123,41.13494,153.91002,79.82677,74.02881,3.05864,3.05864,1.01955,1.01955,0,0,2.03909,0,0,7.13682,0,0,0,0,12.23454,1.01955,1.01955,3.05864,5.09773,1.01955,0,2.03909,0,0,1.01955,0,0,1.01955,0,0,2.03909,0,1.01955,0,0,13.25409,14.27363,8.15636,1.01955,6.11727,5.09773,0,9.17591,5.09773,0,15.29318,11.215,0,0,3.05864,3.05864,4.07818,7.13682,5.09773
95028,Attainville,38,2,0,31,1,0,46,7,0,224,12,1,164,33,0,45,9,0,0,0,0,0,0,0,2,0,0,1,0,0,0,0,0,0,0,0,0,0,0,0,0,0,0,0,0,1,0,0,0,0,0,0,0,0,1,0,0,0,0,0,3,0,0,6,2,0,1,1,0,1,0,0
95039,Auvers-sur-Oise,519.25436,81.49156,0.99134,184.94605,35.72314,1.99416,433.31528,71.53199,1.99416,829.52704,97.39901,0.99134,278.62255,106.19125,0.99708,106.31523,91.22803,0,2.15784,7.55244,0,3.23676,2.15784,0,2.15784,1.07892,0,5.3946,2.15784,0,2.15784,3.23676,0,0,3.23676,0,23.73623,3.23676,0,10.7892,0,0,14.02595,1.07892,0,14.02595,0,0,3.23676,0,0,0,0,0,20.49947,9.71028,1.07892,5.3946,6.47352,0,16.18379,10.7892,0,29.13083,12.94703,0,12.94703,6.47352,0,6.47352,7.55244,0
95040,Avernes,116.88396,7.00988,0,17.1649,1.01826,0,31.3439,6.00557,0,91.67746,0,0,55.53234,4.01061,0,7.10018,1.99496,0,2.01515,0,0,0,0,0,0,0,0,0,0,0,0,0,0,0,1.00758,0,6.04545,0,0,2.01515,0,0,1.00758,0,0,2.01515,0,0,2.01515,0,0,0,0,0,10.07576,2.01515,0,1.00758,0,0,2.01515,1.00758,0,6.04545,0,0,3.02273,1.00758,0,0,0,0
95042,Baillet-en-France,21.02649,0.96257,0,25.67387,0.96257,0,70.35529,10.58832,0,307.55645,26.92827,5.95463,123.3135,34.54959,0.96257,51.05728,39.18883,0,0,0,0,0,0,0,0,0,0,3.51628,0,0,0.87907,0,0,0,0,0,0,0,0,0,0,0,0,0,0,0,0,0,0,0,0,0,0,0,2.63721,0.87907,0,4.39535,0,0,4.39535,0,0,8.7907,3.51628,1.75814,2.63721,0,0,2.63721,3.51628,0
95046,Banthelu,13.27273,0,0,7.14685,0,0,5.1049,1.02098,0,13.27273,4.08392,0,2.04196,0,0,7.14685,1.02098,0,1.9798,0,0,0.9899,0,0,0,0,0,0,0,0,0,0,0,0,0,0,1.9798,0,0,0,0,0,0,0,0,0,0,0,0,0,0,2.9697,0,0,0,0,0,0,0,0,0,0,0,0,0,0,0,0,0,1.9798,0,0
95051,Beauchamp,129.81271,24.3349,0.97628,500.54615,30.11659,0,745.93158,325.02095,2.90342,662.18758,481.36235,35.15284,222.8949,157.52988,3.88821,129.53789,306.15864,1.94831,1.10935,0,0,2.21871,0,1.10935,3.32806,3.32806,0,4.43742,3.32806,0,0,0,1.10935,1.10935,0,0,3.32806,0,0,8.87484,0,0,5.54677,0,0,4.43742,2.21871,0,0,2.21871,0,1.10935,1.10935,0,5.54677,3.32806,0,15.53097,7.76548,0,19.96839,11.09355,0,17.74968,36.60871,2.21871,1.10935,17.74968,0,3.32806,11.09355,0
95052,Beaumont-sur-Oise,177.64841,135.25152,1.94191,313.51621,238.47,15.75783,376.24076,645.46361,78.38032,581.85762,618.28736,11.66881,169.64258,372.71516,4.88073,100.62733,370.04161,0.96922,0,1.05532,0,1.05532,5.2766,0,2.11064,12.66384,0,0,1.05532,0,0,4.22128,0,0,4.22128,0,2.11064,1.05532,0,3.16596,5.2766,0,3.16596,2.11064,0,3.16596,4.22128,0,1.05532,2.11064,0,0,5.2766,0,12.66384,27.43833,0,18.99577,33.77025,0,16.88513,43.26814,13.71916,17.94045,55.93198,0,3.16596,31.65961,1.05532,2.11064,26.38301,0
95054,Le Bellay-en-Vexin,20.10256,0.95726,0,5.74359,0.95726,0,11.48718,0.95726,0,20.10256,0,0,20.10256,0,0,3.82906,0,0,0,0,0,0,0,0,0,0,0,0,0,0,0,0,0,0,0,0,3.09902,0,0,0,0,0,4.64853,0,0,0,0,0,0,0,0,0,0,0,4.64853,0,0,0,0,0,1.54951,0,0,1.54951,0,0,0,0,0,0,0,0
95055,Bellefontaine,31.46602,0,0,16.21935,1.02471,0,16.24143,7.15538,0,48.7699,4.12343,0,26.48907,7.1078,1.04779,11.13844,0,0,0,0,0,0,0,0,0,0,0,1.01571,0,0,0,0,0,0,0,0,0,0,0,0,0,0,0,0,0,0,0,0,0,0,0,0,0,0,4.06283,0,0,1.01571,0,0,0,0,0,6.09424,0,0,0,1.01571,0,0,0,0
95056,Belloy-en-France,99,8,1,52,6,0,104,21,1,248,20,0,86,12,1,116,38,1,0,0,0,0,0,0,0,1,0,0,0,0,1,0,0,0,3,0,2,0,0,0,0,0,2,0,0,2,0,0,0,0,0,0,0,0,3,3,0,2,0,0,9,3,0,7,1,0,2,0,0,6,0,0
95058,Bernes-sur-Oise,10,3,0,22,0,0,184,47,10,317,65,0,89,1,0,127,23,1,0,0,0,0,0,0,1,0,0,1,0,0,0,0,0,0,0,0,0,0,0,0,0,0,1,0,0,1,0,0,0,0,0,0,0,0,0,0,0,1,0,0,4,0,1,6,8,0,2,0,0,1,2,0
95059,Berville,40,0,0,9,1,0,20,2,0,38,0,0,17,0,0,15,1,0,0,0,0,0,0,0,0,0,0,0,0,0,1,0,0,0,0,0,2,0,0,0,0,0,0,0,0,1,0,0,0,0,0,0,0,0,2,0,0,1,0,0,1,0,0,1,0,0,0,0,0,2,0,0
95060,Bessancourt,247,67,0,206,39,1,440,167,3,652,256,24,256,105,7,193,575,1,2,0,0,4,2,1,1,1,0,8,2,0,3,0,0,2,1,0,4,0,0,1,0,0,0,0,0,2,0,0,2,0,0,3,0,0,18,5,0,6,1,0,22,12,0,26,16,0,6,9,0,8,34,0
95061,Béthemont-la-Forêt,26,1,0,6,4,0,19,0,0,80,0,0,14,1,0,15,0,0,0,0,0,0,0,0,0,0,0,0,0,0,0,0,0,0,0,0,1,0,0,0,0,0,1,0,0,2,0,0,0,0,0,0,0,0,2,1,0,2,0,0,0,0,0,3,0,0,3,0,0,1,0,0
95063,Bezons,84.04477,91.26998,11.17602,722.78805,298.8532,6.14429,1215.95512,2835.38687,20.93282,854.45291,2572.05675,30.26152,517.17087,1225.23045,7.14538,269.76903,2699.05366,103.29222,0,0,0,5.16966,4.20013,0,9.52565,12.0236,0,2.30672,13.9663,0,0,3.5359,0,0,13.16082,6.26395,0,0,0,0,0,0,0,20.78872,0,5.09174,8.41223,0,0,0,0,0.60395,8.25957,0,0,0,0,78.43623,113.77838,0.60395,109.10362,194.76688,2.3364,24.59973,356.16395,22.08649,11.11625,59.11014,9.42822,12.87863,222.46423,4.99692
95074,Boisemont,41.77258,3.03364,0,19.28663,4.98531,0,43.05416,0,0,90.29178,8.091,0,40.44279,1.99878,0,61.90925,9.05381,1.9755,1.02842,0,0,0,0,0,0,0,0,0,0,0,0,0,0,0,0,0,1.02842,0,0,2.05685,0,0,3.08527,0,0,2.05685,0,0,0,0,0,0,0,0,4.1137,0,0,0,2.05685,0,2.05685,0,0,2.05685,0,1.02842,0,0,0,8.2274,0,0
95078,Boissy-l'Aillerie,109.93453,41.46359,1.01961,46.46343,10.12815,1.01961,78.75079,28.3671,3.05123,217.57409,23.32202,2.02406,64.36217,15.21077,0,89.0856,14.15318,1.00445,0,1.00806,2.01611,0,0,0,0,0,0,0,0,1.00806,0,2.01611,0,0,0,0,2.01611,0,0,0,0,0,1.00806,0,0,1.00806,0,0,1.00806,0,0,0,0,0,3.02417,3.02417,0,3.02417,7.05639,0,5.04028,4.03222,0,3.02417,1.00806,0,3.02417,1.00806,0,0,0,0
95088,Bonneuil-en-France,25.26555,10.07939,0,25.45457,5.01999,1.99643,37.57699,37.32218,0.99821,68.40451,19.14054,0,24.39578,12.06552,0,70.65087,96.95336,0.99821,0,1.01467,1.01467,0,0,0,0,3.044,0,0,0,0,0,0,0,0,2.02933,0,0,0,0,0,0,0,1.01467,1.01467,0,0,0,0,0,0,0,0,1.01467,0,3.044,0,0,2.02933,1.01467,0,6.088,5.07333,0,0,0,0,1.01467,0,0,0,2.02933,0
95091,Bouffémont,67.57432,6.0112,1.00539,57.48043,7.95921,0,175.79674,99.50916,2.00373,964.68812,321.2322,22.11865,120.9637,63.88916,0,159.2153,272.89153,1.00539,0,0,0,0,0,0,0.75542,0,0,3.02168,0,0,0,0,0,0,1.51084,0,1.51084,0,0,1.51084,0,0,0,0,0,0.75542,0,0,0,0.75542,0,0,0.75542,0,1.51084,0,0,2.26626,0,0,4.53252,1.51084,0,26.43971,9.06504,3.02168,3.02168,4.53252,0,3.02168,11.3313,0
95094,Bouqueval,16.45782,2.28404,0,6.08325,8.76587,0,21.00171,2.28404,1.06697,31.64642,5.56495,0,10.30322,4.56809,0,4.61711,0,0,0,0,0,0,0,0,0,0,0,0,0,0,0,0,0,0,0,0,0,0,0,0,0,0,0,0,0,0,0,0,0,0,0,0,0,0,0.83494,0,0.83494,0.83494,2.50482,0,1.66988,0.83494,0,0.83494,0,0,0,6.67952,0,0,0,0
95101,Bray-et-Lû,45.9369,4.7358,1.87531,24.12394,7.82956,0,48.38661,5.87593,0,86.83766,7.76693,0,57.63028,11.61622,0,21.11341,3.92062,0,1.32956,0,0,0,0,0,0,0,0,0,0,0,0,0,0,0,0,0,1.32956,0,0,0,0,0,0,0,0,2.65911,0,0,0,0,0,0,0,0,2.65911,2.65911,0,1.32956,1.32956,0,2.65911,0,0,1.32956,0,0,1.32956,0,0,1.32956,0,0
95102,Bréançon,27.29193,0,0,8.1023,2.01653,0,16.17393,2.01653,0,51.37492,0,0,23.45205,3.90467,0,30.45835,0.99182,0,0,0,0,0,0,0,0,0,0,0,0,0,0,0,0,0,0,0,0,0,0,0,0,0,3.03175,0,0,2.02116,0,0,2.02116,0,0,1.01058,0,0,2.02116,0,0,0,0,0,2.02116,0,0,2.02116,0,0,1.01058,1.01058,0,0,0,0
95110,Brignancourt,16.27511,7.11537,0,3.96195,2.07273,0,12.62378,5.13543,0,22.31756,0.94565,0,5.77046,7.84726,0,14.69449,2.02633,0,0.86925,0,0,0,0,0,0.86925,0,0,0,0,0,0,0,0,0,0,0,0.86925,0,0,0,0,0,0,0,0,0.86925,0,0,0,0,0,0,0,0,0.86925,0,0,0,0,0,0.86925,0,0,1.7385,0,0,0,0.86925,0,0,0,0
95116,Bruyères-sur-Oise,44.45402,3.51564,1.10289,22.92029,4.69396,1.00003,167.52575,31.20094,1.17832,664.66017,145.43691,0,133.4053,47.34117,0,293.11973,153.78556,0,0,0,0,0,0,0,0,0,0,0,0,0,0,1.1421,0,0,0,0,1.1421,0,0,0,0,0,0,0,0,2.2842,0,0,1.1421,0,0,4.56841,0,0,3.42631,0,0,1.1421,1.1421,1.1421,11.42102,4.56841,0,10.27892,4.56841,0,6.85261,2.2842,1.1421,4.56841,6.85261,0
95119,Buhy,33.06915,0,1.03587,20.65078,0,0,13.44813,0,0,27.8896,0,0,14.42925,0,0,17.4885,0,0,0,0,0,0,0,0,0,0,0,0,0,0,0,0,0,0,0,0,4.12987,0,0,2.06494,0,0,3.0974,0,0,2.06494,0,0,2.06494,0,0,1.03247,0,0,3.0974,0,0,1.03247,0,0,0,0,1.03247,6.19481,1.03247,0,2.06494,0,0,1.03247,0,0
95120,Butry-sur-Oise,105.06473,7.12446,0,69.69592,0,0,104.85656,10.15069,0,315.8673,6.09176,0,93.61517,26.17844,0,58.29813,46.46055,1.01966,1.00871,0,0,0,0,0,2.01741,0,0,0,0,0,0,0,0,0,0,0,3.02612,0,0,1.00871,0,0,0,0,0,2.01741,0,0,0,0,0,1.00871,0,0,7.06094,0,0,3.02612,0,0,5.04353,4.03482,0,9.07835,0,0,6.05223,3.02612,0,1.00871,6.05223,0
95127,Cergy,191.98715,136.34191,22.31429,68.69696,106.20347,5.19756,288.53167,1193.4353,8.71057,3431.82269,10116.31613,103.86573,655.97351,5601.19813,100.19282,193.24103,5784.3363,184.57485,0,4.20623,0,0,0,0,0,2.70401,0,22.87643,199.29091,1,9.27538,753.21003,51.69786,1.02063,103.57216,16.70921,0,0,0,0,0,0,4.26452,0,0,27.78141,153.52114,1.02326,4.69718,21.12127,2.5068,0,45.59669,2.52845,8.9617,4.26452,0,13.98602,0,0,45.52168,30.41272,0,185.93894,976.72175,0,31.30687,652.31205,4.43665,13.01178,517.38794,1.48354
95134,Champagne-sur-Oise,186.54915,2.00653,2.00571,124.37059,8.0253,0,257.76588,97.2855,0,452.31993,178.53038,1.00306,229.66058,74.22407,0,199.54183,83.25284,1.00306,0,0,0,0,0,0,0,0,0,1.00285,1.00285,0,2.00571,1.00285,0,1.00285,0,0,2.00571,0,0,0,0,0,5.01427,0,1.00285,6.01713,0,0,1.00285,0,0,0,0,0,13.03711,2.00571,0,5.01427,0,0,21.05994,8.02284,0,21.05994,25.07136,0,12.03425,8.02284,1.00285,5.01427,3.00856,0
95139,La Chapelle-en-Vexin,20.4193,0,0,4.45197,0,0,12.74231,0.96884,0,47.82201,0,0,6.48021,0,0,17.75016,2.43082,0,0,0,0,0,0,0,0,0,0,0,0,0,0,0,0,0,0,0,2.01968,0,0,1.00984,0,0,2.01968,0,0,2.01968,0,0,1.00984,0,0,1.00984,0,0,3.02952,0,0,2.01968,0,0,1.00984,0,0,2.01968,0,0,0,0,0,1.00984,0,0
95141,Charmont,6,0,0,4,0,0,3,0,0,0,0,0,0,0,0,1,0,0,0,0,0,0,0,0,0,0,0,0,0,0,0,0,0,0,0,0,0,0,0,0,0,0,0,0,0,0,0,0,0,0,0,0,0,0,0,0,0,1,0,0,0,0,0,1,0,0,0,0,0,0,0,0
95142,Chars,174.5735,34.20893,0,59.44401,17.8967,0,107.34298,19.74296,0.96328,112.32379,36.01591,0.92217,48.00272,17.25225,0,115.61493,28.60718,0,3.17881,1.0596,0,0,0,0,1.0596,0,0,1.0596,2.11921,0,0,0,0,0,0,0,4.23842,0,0,0,0,0,2.11921,0,0,3.17881,0,0,1.0596,0,0,0,0,0,23.3113,2.11921,0,14.83447,4.23842,0,2.11921,4.23842,0,4.23842,9.53644,0,1.0596,0,2.11921,3.17881,2.11921,0
95144,Châtenay-en-France,11.6875,0,0,0,0,0,3.1875,0,0,2.125,0,0,2.125,0,0,3.1875,0,0,0,0,0,0,0,0,0,0,0,0,0,0,0,0,0,0,0,0,0,0,0,0,0,0,0,0,0,0,0,0,1.66667,0,0,0,0,0,0,0,0,0,0,0,0,0,0,0,0,0,0,0,0,0,0,0
95149,Chaumontel,47.58186,4.88651,1.97451,40.76829,9.84315,0,194.79304,19.64391,0,610.40621,16.67853,0,166.53004,11.75002,0.9884,113.46995,74.7332,1.99125,0,0,0.89496,0.89496,0,0,0,0,0,1.78993,0,0.89496,0.89496,0,0,0,1.78993,0,2.68489,0,0,1.78993,0,0,3.57986,0,0,5.36979,0,0,3.57986,0,0,0.89496,0.89496,0,1.78993,0.89496,0,2.68489,2.68489,0,9.84461,3.57986,0,20.58419,1.78993,0,5.36979,0.89496,0,2.68489,0.89496,0
95150,Chaussy,109.32584,5.03796,1.01041,25.21925,5.08195,0,35.29494,5.09712,2.05073,28.13363,0.99567,0,35.00231,7.14763,0,8.01088,3.01692,0,1.0058,0,0,0,0,0,0,0,0,0,0,0,0,1.0058,0,0,0,0,18.10435,0,0,2.01159,0,0,7.04058,0,0,2.01159,0,0,9.05217,0,0,1.0058,0,0,5.02899,0,0,2.01159,0,0,0,1.0058,0,1.0058,0,0,1.0058,1.0058,0,0,0,0
95151,Chauvry,38,0,0,14,0,0,14,0,1,25,1,0,7,0,0,16,0,0,1,0,0,0,0,0,0,0,0,0,0,0,0,0,0,0,0,0,3,0,0,0,0,0,1,0,0,2,0,0,0,0,0,0,0,0,3,0,0,1,0,0,1,0,0,1,0,0,1,0,0,1,0,0
95154,Chennevières-lès-Louvres,16.33853,0,0,11.30339,0,0,14.32501,0,0,19.18164,5.93323,0,24.00372,5.1203,0,8.32751,0,0,0.94616,0,0,0.94616,0,0,0,0,0,0,0,0,0,0,0,0,0,0,0,0,0,0,0,0,0,0,0,0,0,0,0,0,0,0,0,0,0.94616,0,0,0,0,0,2.83847,0,0,1.89231,2.83847,0,0,0,0,0,0,0
95157,Chérence,32.46979,2.78312,0,4.63854,0,0,5.56625,0.92771,0,9.27708,0,0,2.78312,0,0,3.71083,0,0,0,0,0,0,0,0,1.03509,0,0,0,0,0,0,0,0,0,0,0,15.52632,1.03509,0,0,0,0,2.07018,0,0,4.14035,0,0,0,0,0,4.14035,0,0,5.17544,0,1.03509,0,0,0,0,0,0,2.07018,0,0,0,2.07018,1.03509,0,0,0
95166,Cléry-en-Vexin,36.58169,1.1075,0,13.19688,2.215,0,23.3352,3.20144,0,39.84333,2.03167,0,18.31517,1.1075,0,29.54726,1.1075,0,0,0,0,0,0,0,0,0,0,0,0,0,0,0,0,0,0,0,2.29029,0,0,0.76343,0,0,0,0,0,0.76343,0,0,1.52686,0,0,0,0,0,4.58058,0,0,0.76343,0,0,0.76343,1.52686,0,1.52686,0,0,0.76343,0,0,1.52686,0,0
95169,Commeny,68.27163,1.90181,0,19.95343,2.61051,0,14.50436,2.8503,0,61.92822,0.92046,0,23.68426,4.44885,0,37.4919,0.84503,0,2.21488,0,0,0,1.21488,0,0,0,0,0,0,0,0,1.21488,0,0,0,0,0,0,0,0,0,0,1,0,0,0,0,0,0,0,0,1,0,0,1.21488,1.21488,0,0,0,0,2.21488,0,0,0,1.21488,0,0,1,0,0,0,0
95170,Condécourt,43,3,0,17,7,0,28,9,0,72,13,0,15,3,0,12,4,0,2,0,0,0,0,0,0,0,0,0,0,0,0,0,0,0,0,0,4,0,0,1,0,0,0,0,0,1,0,0,0,0,0,0,0,0,1,0,0,1,0,0,2,0,0,5,1,1,1,0,0,1,0,0
95176,Cormeilles-en-Parisis,315.89916,147.38345,0,715.10212,177.84998,4.28547,953.44569,659.65346,6.89271,1746.73799,1136.96715,2.04231,1100.5465,859.33951,17.62232,915.06149,2002.64341,30.37622,0,4.80131,0,0,4.28548,0,4.61538,0,0,5.81363,13.04095,0,10.62434,7.59824,0,0,23.63185,0,0,0,0,21.82559,0,0,4.22173,0,0,8.87109,14.54194,0,5.54711,5.23409,0,11.97477,20.61984,0,27.63015,32.30311,0,66.76564,44.26376,0,29.03326,39.05135,3.88976,46.3664,128.89669,3.63549,28.95948,53.67727,0,26.52874,225.4679,1.96969
95177,Cormeilles-en-Vexin,123.75655,2.01999,1.0441,41.32374,1.07998,0,55.13116,4.21348,0,79.54428,8.5322,0,65.47085,20.89617,0,83.41657,8.39577,3.88831,0,0,0,0,0,0,1.02439,0,0,0,0,0,0,0,0,0,0,0,0,0,0,0,0,0,0,0,0,0,0,0,3.07317,0,0,2.04878,0,0,11.26829,0,0,1.02439,4.09756,0,4.09756,1.02439,0,5.12195,1.02439,0,1.02439,0,0,4.09756,1.02439,0
95181,Courcelles-sur-Viosne,34.18545,7.22546,0,8.22781,5.15738,0,20.7563,1.02769,0,26.92217,4.11705,0,10.39724,3.0957,0,10.45442,2.07439,0,0,0,0,0,0,0,0,0,0,0,0,0,0,0,0,0,0,0,1.03623,0,0,0,0,0,0,0,2.07246,0,0,0,0,0,0,0,0,0,2.07246,1.03623,0,0,1.03623,0,0,0,0,1.03623,0,0,0,0,0,1.03623,0,0
95183,Courdimanche,55.49032,21.42596,2.91946,32.12259,11.68387,0,82.72702,26.28871,0,519.65235,153.84164,2.92248,634.48433,721.47895,3.89563,137.15462,205.40211,0,1.16402,0,0,1.16402,0,0,0,0,0,2.32803,1.16402,0,1.16402,6.9841,0,0,0,0,0,0,0,1.16402,0,0,0,0,0,0,0,0,1.16402,1.16402,0,1.16402,1.16402,0,4.65607,8.14812,0,9.31214,2.32803,0,12.80419,1.16402,0,5.82008,0,0,9.31214,59.36486,0,2.32803,3.49205,0
95197,Deuil-la-Barre,338.05334,131.41205,2.44571,757.77305,386.20513,6.82733,962.33103,1686.50191,5.08156,933.88346,1792.72217,23.16976,454.04492,833.33147,7.12557,203.66049,1366.65482,36.06106,3.11967,0,0,7.02808,0,0,1.01505,7.79691,0,5.87277,16.14562,0,0,6.58282,0,0,10.20351,0,0,22.31835,0,2.95369,5.84628,0,0,3.09917,0,0,8.96998,0,0,2.97304,0,3.83325,4.19685,1.07403,13.81532,25.25664,0,47.43841,94.27249,0,77.26618,190.06358,5.00278,69.84362,208.25105,3.52433,80.11494,74.0652,0,37.84524,120.88098,0
95199,Domont,165.90245,58.61527,0,310.72414,78.0903,0,602.31384,1152.98132,0,1161.14151,923.59769,6.02762,481.74589,563.22286,5.73255,339.19793,493.65158,0,3.21572,0,0,0,0,0,6.45226,11.02015,0,5.01741,13.38141,0,0,0,0,0,6.83937,0,0,0,0,2.8008,0,0,8.27204,0,0,5.15605,2.47364,0,5.57005,2.96447,0,0,3.76936,0,11.48918,0,0,16.23588,5.21519,0,37.93333,83.448,0,23.35309,53.00511,0,61.52648,72.7885,0,11.03935,13.84409,0
95203,Eaubonne,383.33863,80.3407,0,1112.65894,173.76874,0,1286.01675,2675.88225,12.67944,684.50692,1766.91791,1.94489,414.92591,759.62226,24.00002,259.42445,941.3674,3.82729,11.12611,0,0,7.46508,7.09973,0,0,25.97704,0,3.23339,9.08224,0,0,0.97244,0,2.52289,16.57204,0,3.25978,0,0,13.3741,0,0,7.70668,8.6885,0,3.00471,10.59465,0,4.44527,6.08543,0,7.82788,16.77936,0,26.29545,17.83236,0,52.60328,22.21884,0,48.57158,212.4757,0,39.32183,101.59415,0,31.1107,55.49933,0,0,59.28136,0
95205,Écouen,188,57,2,188,33,12,248,410,7,391,505,23,434,282,11,56,50,0,0,0,0,0,2,0,0,2,0,0,0,0,0,4,0,0,0,0,3,0,0,1,0,0,1,0,0,0,1,0,0,0,0,0,0,0,16,12,1,4,4,3,6,26,3,10,15,0,0,10,1,8,4,0
95210,Enghien-les-Bains,415.39525,390.35374,2.93814,446.66606,914.85722,6.27135,206.35809,952.00024,5.2345,110.34835,1051.06001,4.18109,50.30934,461.36312,2.71715,25.3363,281.38415,1.98534,8.25416,19.13814,0,11.8754,22.14347,0,3.31655,11.67471,0,0,42.65911,0,2.95788,17.27392,0,0,12.28984,0,3.54661,3.31655,0,6.0114,9.32796,0,0,14.41035,0,6.17292,18.21578,0,0,6.26071,0,0,0,0,25.84627,56.2442,0,12.66914,154.06733,5.87625,8.51074,91.58126,0,14.03184,144.54369,3.12904,9.25811,25.33097,0,0,28.8794,0
95211,Ennery,93,14,0,23,14,0,173,36,0,219,14,2,89,9,3,149,33,0,0,0,0,0,0,0,1,0,0,2,0,0,1,0,2,1,1,0,1,0,0,0,0,0,0,0,0,1,0,0,0,94,0,0,1,0,2,0,0,1,2,0,28,45,2,9,8,0,4,1,0,0,0,0
95212,Épiais-lès-Louvres,11,3,0,2,0,0,6,6,0,3,4,0,3,0,0,14,0,0,0,0,0,0,0,0,0,0,0,0,0,0,0,0,0,0,1,0,0,0,0,0,0,0,0,0,0,0,0,0,0,0,0,0,0,0,1,1,0,0,0,0,0,0,0,0,0,0,0,0,0,5,1,0
95213,Épiais-Rhus,68.83403,2.01424,0,18.62298,1.03257,0,42.80719,1.09345,0,69.60002,0,0,47.99374,1.95017,1.09345,10.01887,4.19455,0,0,0,0,0,0,0,0,0,0,0,0,0,0,0,0,0,0,0,4.06645,0,0,6.09967,0,0,6.09967,0,0,1.01661,0,0,0,0,0,0,0,0,3.04983,3.04983,0,2.03322,0,0,0,0,0,0,0,0,1.01661,0,0,1.01661,0,0
95214,Épinay-Champlâtreux,9.82759,7.86207,0,0.98276,0.98276,0,2.94828,0.98276,0,0,0,0,0,0.98276,0,0.98276,0,0,0,0,0,0,0,0,0,0,0,0,0,0,0,0,0,0,0,0,1,0,0,0,0,0,0,0,0,0,0,0,0,0,0,0,0,0,3,0,0,1,0,0,0,0,0,0,0,0,0,0,0,0,0,0
95218,Éragny-sur-Oise,140.41112,24.30903,0,89.54649,22.90524,0,440.04372,376.31193,0,1696.08606,2482.55088,12.98096,359.59928,461.27816,2.43819,179.80201,952.91492,5.95861,3.02759,0,0,0,0,0,0,0,0,2.67867,13.94276,0,0,4.39116,0.92871,0,3.9563,0,0,0,0,6.05519,0,0,10.65286,3.13203,0,8.56644,0,0,0,6.00487,0,0,0.92871,0,25.09245,0,0,2.88383,2.88383,0,12.42116,5.75179,0,66.92651,132.67408,0,4.96716,9.41266,0,17.85163,26.89251,0
95219,Ermont,415.28109,101.76305,0,927.50102,230.43848,0,915.60059,3355.27502,15.36439,804.23169,3598.59247,41.50942,308.47937,606.01827,3.62481,159.65291,1104.28588,3.90049,2.39761,0,0,6.26027,1.03616,0,0,16.94492,0,0,21.23902,5.63183,0,8.10684,0,0,6.31102,0,2.84075,0,0,6.18604,2.2231,0,0,0,0,0,14.58936,0,0,3.11213,0,5.42533,5.34322,0,5.38805,10.27152,2.67539,33.04721,11.46854,0,37.36417,128.67916,0,12.80593,119.26534,0,3.62235,12.02915,0,5.1802,18.01755,0
95229,Ézanville,117.99311,48.96252,0,347.87441,55.80035,12.41077,340.61408,663.16577,9.2529,709.5609,883.36475,15.63442,131.0151,137.01562,1.00004,130.29717,383.1624,9.40463,1.03535,0,0,5.17674,0,0,4.14139,3.10604,0,1.03535,3.10604,0,0,0,0,1.03535,3.10604,0,0,0,0,1.03535,2.0707,0,3.10604,3.10604,0,4.14139,8.28279,1.03535,0,2.0707,0,0,1.03535,0,7.24744,6.21209,0,11.38883,6.21209,0,13.45953,39.34323,0,27.9544,30.0251,2.0707,5.17674,12.42418,0,7.24744,33.13114,0
95241,Fontenay-en-Parisis,40.14953,11.05968,0,23.07992,20.1264,0,110.37691,11.07692,0,260.58329,31.16205,0,103.02498,18.07833,1.00511,62.97204,84.26817,0.9914,1.00238,0,0,1.00238,1.00238,1.00238,0,0,0,0,0,0,3.00713,0,0,1.00238,0,0,0,0,0,0,0,0,0,0,0,0,0,0,0,0,0,0,0,0,6.01427,3.00713,0,1.00238,2.00476,0,4.00951,3.00713,0,8.01902,5.01189,0,6.01427,1.00238,0,1.00238,4.00951,0
95250,Fosses,29.44397,12.77623,0.99735,119.68094,16.69627,0.98731,505.36968,113.39427,0.97737,1655.82058,296.9631,2.93282,247.29331,193.80761,3.89002,102.04475,471.01938,2.9525,0,0,0,0,0,0,1.8853,1.8853,0,3.77059,0,0,0.94265,1.8853,0,0,0.94265,0,0,0,0,0.94265,0.94265,0,4.71324,0,0,4.71324,2.82794,0,2.82794,0.94265,0,0.94265,1.8853,0,3.77059,1.8853,0,9.42648,3.77059,0,20.73825,9.42648,0,52.78828,14.13972,0,4.71324,1.8853,0,2.82794,17.91031,0
95252,Franconville,169.80564,35.11678,0,566.11167,166.91608,0,842.80899,3308.28893,3.27952,1424.98043,5287.32266,11.07097,344.94794,984.32871,0,258.62081,2545.82149,23.38955,3.59101,0,0,0,3.10027,0,4.13651,16.76474,0,0,5.3393,0,0,10.86594,0,0,20.55932,0,0,0,0,4.15027,0,0,10.67038,12.94531,0,7.14442,22.92743,0,0,9.97482,0,8.27302,8.0642,0,0,0,0,40.94832,14.7019,0,45.29101,218.24039,0,34.86666,359.81988,0,5.14367,53.08514,4.11228,28.60569,211.43893,0
95253,Frémainville,43.33761,5.60983,0,10.62741,0,0,23.70044,0,0,66.00929,2.94918,0,26.5234,3.77339,0,10.46173,18.85029,0,0.66057,0,0,0,0,0,0.66057,0,0,0.66057,0,0,0,0,0,0,0,0,0,0,0,0,0,0,0,0,0,2.64227,0,0,0.66057,0,0,0,0,0,3.30284,0,0,0,0.66057,0,1.9817,0.66057,0,1.32113,0,0,0.66057,0,0,0,2.64227,0
95254,Frémécourt,32.85217,4.32242,0,11.30219,2.29949,0,23.73725,0,0,63.09027,1.05495,0,42.17871,4.0746,0,25.01603,0,0,0,0,0,0,0,0,0,0,0,1.00437,0,0,1.00437,0,0,0,0,0,0,0,0,0,0,0,2.00873,0,0,0,0,0,2.00873,0,0,0,0,0,6.0262,0,0,1.00437,0,0,1.00437,0,0,1.00437,0,0,1.00437,0,0,3.0131,1.00437,0
95256,Frépillon,114.75245,10.17487,0,66.3939,10.25233,0,168.38277,16.34025,0,316.18312,59.61398,1.03685,135.82644,14.28245,0,245.00851,84.39947,0,0,0,0,0,0,0,1.00455,0,0,0,0,0,0,0,0,0,0,0,0,0,0,1.00455,0,0,5.02275,0,0,1.00455,0,0,0,1.00455,0,0,0,0,2.0091,2.0091,0,16.0728,6.0273,0,12.0546,14.0637,0,4.0182,2.0091,0,5.02275,2.0091,0,3.01365,3.01365,0
95257,La Frette-sur-Seine,129.0691,41.29088,0,244.20499,33.09044,6.04892,366.9576,152.66571,0,433.96231,89.33826,2.02092,162.07557,27.2133,0.99667,96.4412,112.12648,0,0,0,0,3.00274,1.00091,0,2.00183,0,0,0,1.00091,0,0,2.00183,0,0,1.00091,0,2.00183,0,0,2.00183,0,0,3.00274,1.00091,0,6.00548,0,0,2.00183,0,0,0,2.00183,0,13.01187,18.01643,0,17.01552,4.00365,9.00822,30.02738,24.02191,0,37.03377,30.02738,0,20.01826,4.00365,0,5.00456,5.00456,0
95258,Frouville,46.38913,3.70053,0,14.62494,0,0,19.46218,2.81585,0,33.53071,1.0078,0,19.46645,2.7754,0,9.08676,0,0,0.88895,0,0,0,0,0,0,0,0,0,0,0,0,0,0,0,0,0,1.7779,0,0,0,0,0,1.7779,0,0,1.7779,0,0,0,0,0,0.88895,0,0,0.88895,0,0,1.7779,2.66685,0,0.88895,0,0,0.88895,0,0,0,0.88895,0,0,0,0
95268,Garges-lès-Gonesse,27.22887,159.67805,0,240.79959,523.17636,2.01925,711.85199,3639.25835,60.92551,825.41337,4340.09195,38.07313,248.03457,888.93121,13.43931,506.04324,1699.68662,11.15337,0,0,0,0,3.76559,0,2.64695,11.65647,0,3.08034,19.09086,0,6.05934,3.64864,1,0,4.89138,0,0,0,0,0,0,0,2.5314,0.8562,0,0,6.00202,0,0,0,0,0,3.83928,0,0,5.4752,0.96714,0,38.18774,0,43.6133,161.30059,0,20.29781,166.80034,2.74634,3.07857,44.82904,0,8.90402,73.3343,0
95270,Genainville,63.72633,6.14918,0,14.21541,2.04964,0,33.46178,3.06629,0,49.2422,5.11592,1.03326,21.18031,6.11597,2.06652,17.04999,1.03326,0,0,0,0,0,0,0,0,1.01124,0,0,0,0,0,2.02247,0,0,0,0,3.03371,2.02247,0,1.01124,0,0,0,0,0,3.03371,0,0,0,0,0,0,0,0,3.03371,4.04494,1.01124,2.02247,2.02247,0,10.11236,1.01124,0,1.01124,1.01124,0,2.02247,0,1.01124,1.01124,0,0
95271,Génicourt,42.13958,1.01178,0,12.09123,0,0,25.08455,4.01724,1.01178,71.35085,2.01354,1.01178,22.08406,5.05388,0,8.96275,8.00424,0,0,0,0,1.00455,0,0,0,0,0,1.00455,1.00455,0,0,0,0,0,0,0,0,0,0,0,0,0,0,0,3.01364,0,0,0,0,0,0,0,0,0,2.00909,1.00455,0,2.00909,0,2.00909,3.01364,1.00455,0,5.02273,1.00455,0,0,0,0,0,0,0
95277,Gonesse,67.00535,109.7159,0,224.30701,169.78147,1,1213.24078,1997.87356,3.3007,1252.92373,1819.79317,18.997,599.82107,995.78998,4.8492,184.04395,1336.08876,102.13042,0,2.16845,0,0,8.4415,0,2.81614,12.8143,0,6.68361,24.42695,0,0,8.87321,0,0,9.26427,0,0,0,0,2.28508,0,0,2.47145,6.6206,0,0,3.17855,0,0,3.51169,0,0,0,0,2.40254,7.82143,0,0.91619,0,0,24.66799,109.97763,0,14.34813,101.97249,0,2.7008,55.46403,0,6.58771,42.10987,7.10994
95280,Goussainville,53.29719,16.22969,4.58697,778.04894,205.86711,0.987,1931.26858,1430.75126,54.44084,1709.43026,1094.03699,98.38831,1151.70987,467.01937,61.20778,338.09216,736.36306,184.43562,3.0205,0,0,12.10182,12.67252,0,61.07149,6.22961,0,29.16783,2.99056,1.34949,57.32394,50,9,14.034,18.91388,0,0,0,0,8.13497,3.30265,0,16.82918,0,0,29.43525,0,0,21.57706,0,0,13.50357,2.85207,0.95069,0,0,0,51.04629,32.73257,0,148.23139,125.38785,3.67484,56.35634,113.33763,2.688,48.33053,20.7049,0,22.92042,46.33233,0
95287,Grisy-les-Plâtres,67.18887,2.00239,0.99255,28.00515,3.98174,0.99255,24.02916,3.99325,0.99255,45.97479,3.0007,0.99255,38.12715,5.00894,1.00991,22.13697,5.97835,38.79583,0,0,0,0,0,0,3,0,0,0,0,0,0,0,0,0,0,4,2,0,0,0,0,0,0,0,0,0,0,0,0,0,0,0,0,0,10,0,0,3,2,0,2,1,1,2,1,0,0,0,0,0,0,19
95288,Groslay,166.99306,128.6968,6.18332,276.44454,133.73593,0,316.92475,362.57702,0,356.6323,434.29416,1.90408,491.11442,231.71809,8.32384,181.63087,171.18922,0,2.02944,0,0,1.01472,0,2.02944,0,2.02944,0,1.01472,5.07359,0,3.04416,4.05887,0,0,2.02944,0,0,0,0,0,1.01472,0,0,1.01472,0,0,1.01472,0,2.02944,1.01472,0,0,1.01472,0,12.17662,26.38268,0,11.1619,8.11775,0,31.45628,38.55931,6.08831,13.19134,28.41212,0,13.19134,15.22078,0,9.13247,11.1619,0
95295,Guiry-en-Vexin,17.04706,1.89412,0,0.94706,0,0,7.57647,0.94706,0,18.94118,3.78824,0,4.73529,0.94706,0,3.78824,2.84118,0,0,0,0,0,0,0,0,0,0,0,0,0,0,0,0,0,0,0,0.9472,0,0,2.84161,0,0,2.84161,0,0,0.9472,0,0,0,0,0,0,0,0,0,0.9472,0,2.84161,0,0,0.9472,0,0,2.84161,0,0,0,0,0,0,0,0
95298,Haravilliers,68.99452,0,0,12.21539,0,0,18.79066,0,0,51.51635,0,0,31.37892,1.97266,0,18.54418,0,1.10105,0,0,0,0,0,0,0,0,0,0,0,0,0,0,0,0,0,0,12.2,0,0,0,0,0,2.03333,0,0,0,0,0,2.03333,0,0,1.01667,0,0,7.11667,0,0,1.01667,0,0,3.05,0,0,2.03333,0,0,1.01667,0,0,2.03333,0,0
95301,Haute-Isle,22.74513,0.97434,0,29.90508,2.99804,0,45.87033,2.02477,0,17.0726,0,0,10.90584,0,0,0.99283,0,0,0,0,0,0,0,0,0,0,0,0,0,0,0,0,0,0,0,0,11.94619,0,0,6.96861,0,0,5.97309,0,0,0,0,0,0.99552,0,0,0.99552,0,0,0.99552,0,0,1.99103,0,0,4.97758,1.99103,0,0,0,0,0.99552,0,0,0,0,0
95303,Le Heaulme,21,0,0,5,3,0,10,2,0,30,3,0,8,1,0,9,0,0,0,0,0,0,0,0,0,0,0,0,0,0,0,0,0,0,0,0,1,0,0,0,0,0,0,0,0,2,0,0,0,0,0,0,0,0,2,1,0,0,0,0,0,0,0,0,0,0,0,0,0,0,0,0
95304,Hédouville,35.24222,0,0,14.57392,0,0,18.30548,0,0,35.79455,0,0,10.9187,0,0,5.79165,0,0,0,0,0,0,0,0,0,0,0,0,0,0,0,0,0,0,0,0,0,0,0,6.08571,0,0,4.05714,0,0,1.01429,0,0,0,0,0,0,0,0,1.01429,0,0,4.05714,0,0,0,1.01429,0,0,0,0,0,0,0,0,0,0
95306,Herblay-sur-Seine,334.10193,115.48777,0,599.24485,134.86054,0,1072.94421,880.27247,7.57848,2480.43849,1016.69431,30.95881,1172.60876,887.6378,54.39051,995.30161,1992.32622,73.9591,5.4932,0,0.89463,3.14744,0,0,0,14.31719,0,0.89532,0,0,0,2.40825,0.89463,3.43961,12.90011,2.78123,0,0,0,4.54715,0,0,0,0,0,6.10599,8.69875,1.39061,3.14744,7.33527,0.89463,0,6.86899,2.28524,37.01462,13.75845,0,23.77743,20.40589,4.83054,81.35419,92.02459,0,169.59725,214.00928,2.55552,89.89723,117.48003,0,39.13867,313.57478,0
95308,Hérouville-en-Vexin,40.95196,3.80944,0,8.56767,10.46711,0,19.05217,5.71137,0,63.7943,7.61702,0,39.99756,2.85382,1.90317,14.28587,2.85506,0,0,0,0,0,0,0,0,0,0,1.99617,3.99234,0,0,0,0,0,0,0,0,0,0,0,0,0,1.99617,0,0,0,0,0,0,0,0,0,0,0,1.99617,1.99617,1.99617,1.99617,0,0,0,0,0,0,1.99617,0,0,0,0,0,0,0
95309,Hodent,28,0,1,5,0,0,11,0,0,18,1,0,18,2,0,6,0,0,1,0,0,0,0,0,0,0,0,0,0,0,0,0,0,0,0,0,3,0,0,0,0,0,0,0,0,1,0,0,0,0,0,0,0,0,2,0,0,4,1,0,3,0,0,2,0,0,0,0,0,0,0,0
95313,L'Isle-Adam,350.56606,115.42295,3.55133,253.16687,125.62643,0,495.59844,602.42918,8.93,1033.18952,856.63014,41.77682,322.08512,782.96854,5.60466,200.35885,693.89449,72.11534,13.40828,3.04725,0,0,0,0,0,10.35792,0,7.87016,3.94401,45.16418,6.72051,21.1146,0,0.95941,3.25409,0,23.2286,3.1202,0,6.65845,3.09646,0,17.74197,11.35145,0,3.44596,22.23575,0,0,14.52641,0,0.98384,15.88765,0,49.85221,16.88938,0,17.3188,10.71165,0,31.81845,55.72311,3.93535,27.96863,68.35674,0,18.54513,86.60038,0,14.40254,32.74885,0
95316,Jagny-sous-Bois,14.72777,2.92862,0,4.91677,0,0,9.83401,0,0,30.39445,0.97113,0,22.7333,0.97872,0,12.86159,0.97113,0,1.96825,0,0,0,0,0,0,0,0,0,0,0,0.98413,0,0,1.96825,0,0,2.95238,0,0,1.96825,0,0,0,0,0,0,0,0,0.98413,0,0,0,0,0,1.96825,0,0,0,0,0,0,0,0,1.96825,0,0,1.96825,0,0,2.95238,0.98413,0
95323,Jouy-le-Moutier,149.9447,14.31297,0,71.71034,10.67114,0,185.40961,75.15921,0,3341.15467,601.91242,3.23411,472.46165,665.59534,2.8776,133.92903,468.95921,3.93813,0,2.87763,1.01755,0,0,0,0,2.97873,1.01755,9.3588,0,0,0,18.06144,0,0,8.57321,0,3.3682,0,0,3.3214,0,0,0,0,0,0,0,0,0,11.8887,0,3.3682,2.12108,0,9.97896,6.34694,0,16.25221,0,0,3.91314,0,0,75.95844,53.38255,0,9.79183,74.03625,0,6.47884,19.56525,0
95328,Labbeville,71.14791,14.06373,0,26.77239,11.20752,0,22.60708,12.20141,0,36.86631,3.03348,0,15.50071,5.07064,0,28.60796,9.07981,0,0,0,0,0,0.64748,0,0,0,0,0,0,0,0,0,0,0,0,0,2.58993,0,0,0.64748,0,0,1.29496,0,0,0.64748,0,0,1.29496,0,0,0,0,0,5.17986,1.29496,0,3.23741,0.64748,0,0.64748,0,0,0,0,0,0,0.64748,0,0.64748,0,0
95331,Lassy,8.86368,0.98485,0,6.89397,0.98485,0,9.84853,0,0,14.7728,4.92427,0,7.87883,5.90912,0.98485,6.89397,2.95456,0,0.74757,0,0,0,0,0,0,0,0,0,0,0,0,0,0,0,0,0,0,0,0,0,0,0,0.74757,0,0,0,0,0,0,0,0,0,0,0,0,0,0,0,0,0,0.74757,0.74757,0,1.49513,0,0,0,0.74757,0.74757,1.49513,0,0
95341,Livilliers,32.25276,4.04699,0,7.07073,2.03645,0,10.15633,3.05468,0,54.65323,4.06772,0,17.17538,3.04433,0,10.10979,7.08616,0,0,1.01143,0,0,0,0,0,0,0,0,0,0,0,0,0,0,0,0,3.03429,0,0,0,0,0,1.01143,0,0,1.01143,0,0,0,0,0,0,0,0,3.03429,5.05714,0,1.01143,0,0,0,0,0,2.02286,1.01143,0,2.02286,0,0,0,0,0
95348,Longuesse,35.8617,0,0,10.04317,1.04424,0,23.47764,0,0,71.16098,3.09863,0,31.39103,9.29702,0,20.59414,7.03919,2.02142,0,0,0,0,0,0,0,0,0,0,0,0,0,0,0,0,0,0,1,0,1,0,0,0,0,0,0,0,0,0,0,0,0,0,0,0,1,2,0,0,0,0,1,0,0,4,0,0,1,1,0,1,0,0
95351,Louvres,78.50324,27.78436,0,105.97366,33.32008,0,530.97775,348.05947,6.05226,1115.71095,605.0444,5.44416,360.19464,409.72919,5.53502,109.99095,772.16261,15.15529,0,5.21541,0,0,0,0,0,0,0,5.78242,6.60559,0,4.68594,0,0,0,11.10887,0,0,0,0,0,0,0,5.44396,0,0,0,0,0,0,0,0,9.84278,1.10257,0,5.21541,0,0,10.43916,0,0,29.84997,12.81741,0,35.88356,54.61093,0,14.61512,14.54658,0,0,41.22044,0
95352,Luzarches,175.08036,93.02702,2.03325,76.30338,29.59324,0,190.73629,111.70266,3.04987,430.78426,163.3132,1.01662,239.08158,146.10432,0,238.42106,159.52092,0,1.03045,1.03045,0,1.03045,0,0,2.06091,0,0,0,1.03045,0,0,1.03045,0,0,0,0,7.21317,1.03045,0,2.06091,0,0,1.03045,3.09136,0,6.18272,3.09136,0,7.21317,1.03045,0,4.12181,0,1.03045,12.36543,27.82223,0,3.09136,10.30453,0,15.45679,22.66996,0,18.54815,30.91359,0,6.18272,26.79178,0,11.33498,12.36543,0
95353,Maffliers,52.53295,21.57663,0,29.99033,9.87555,0,45.30473,27.04393,1.789,203.03548,8.10464,0,104.86194,18.87478,0,49.47534,114.37775,0,0,0,0,0,0,0,0,0,0,0,0,0,0,0,0,0,0,0,1.05926,0,0,3.17779,1.05926,0,0,0,0,0,1.05926,0,2.11852,0,0,0,1.05926,0,2.11852,8.4741,0,0,1.05926,0,2.11852,3.17779,0,3.17779,0,0,9.53336,1.05926,0,0,6.35557,0
95355,Magny-en-Vexin,283.1,109.68113,2.84774,87.44924,87.02736,0,168.57995,195.38253,6.86687,498.86795,330.73106,7.69587,227.7812,76.39876,4.86798,149.2353,138.67389,0.94925,3.00175,1.00058,0,3.00175,0,1.00058,4.00233,1.00058,1.00058,3.00175,1.00058,0,2.00116,0,0,0,0,0,9.00524,1.00058,0,1.00058,0,0,1.00058,1.00058,0,5.00291,0,0,1.00058,0,0,0,0,0,33.0192,39.0227,0,17.00989,16.00931,0,23.01339,17.00989,0,18.01048,37.02153,0,9.00524,8.00466,0,2.00116,7.00407,0
95365,Mareil-en-France,17.47104,0.97955,0,18.46339,6.83621,0,24.1267,5.93186,0,81.62158,13.76849,0,34.96451,15.81501,0,23.19842,28.24798,0,0,0,0,0,0,0,0,0,0,0,0,0,0,0,0,0,0,0,2.1229,0,0,1.06145,0,0,0,0,0,0,0,0,0,4.24579,0,0,1.06145,0,1.06145,0,0,4.24579,0,0,4.24579,0,0,4.24579,0,0,1.06145,4.24579,0,0,2.1229,0
95369,Margency,23.53686,6.88912,0,30.42599,16.70862,0.98763,75.53674,54.09272,0.98763,359.09691,270.7384,3.94647,114.77821,114.08263,0,17.60718,100.07818,0,0,0,0,0,0,0,0,0,0,0.94755,2.84266,0.94755,0,0.94755,0,0,0,0,0,0,0,0,0,0,1.89511,0,0,0,5.68532,0,0,0,0,0,0,0,1.89511,0,0,0,0.94755,0,4.73776,2.84266,0,17.05595,17.05595,0,0.94755,3.79021,0,0,1.89511,0
95370,Marines,205.37963,36.60768,0.95957,93.98618,40.49402,0.98718,131.71047,45.29199,0.9664,296.0715,77.17081,0.95957,174.0731,53.01697,0,119.91327,65.67807,0.98021,0,0,0,0,1.06692,1.06692,0,0,0,1.06692,0,0,1.06692,1.06692,0,1.06692,1.06692,0,9.60229,3.20076,0,2.13384,0,0,2.13384,0,0,1.06692,0,0,2.13384,0,0,0,0,0,14.93689,10.66921,0,12.80305,8.53537,0,5.3346,3.20076,0,14.93689,7.46845,0,5.3346,1.06692,0,4.26768,0,0
95371,Marly-la-Ville,56.55919,13.70994,0,59.45866,13.70347,0,277.83481,34.1639,1.95441,1061.45296,82.14039,0.96757,207.48909,114.40761,8.79487,66.09632,95.79891,0,1.89734,0,0,1.89734,0,0,0,1.89734,0,2.84602,0,0,1.89734,0.94867,0,0,1.89734,0,0.94867,0,0,0,0,0,0.94867,0,0,4.74336,0.94867,0,0,0,0,0.94867,0,0,6.6407,6.6407,0,3.79469,3.79469,0,19.92211,2.84602,0,30.3575,6.6407,0,1.89734,9.48672,0.94867,2.84602,1.89734,0
95379,Maudétour-en-Vexin,18.44335,1.02463,0,5.12315,1.02463,0,12.29557,0,0,27.66502,0,0,8.19704,1.02463,0,7.17241,0,0,0,0,0,0,0,0,0,0,0,0,0,0,0,0,0,0,0,0,2.04255,0,0,0,0,0,0,0,0,1.02128,0,0,0,0,0,0,0,0,6.12766,0,0,1.02128,0,0,0,0,0,1.02128,0,0,0,0,0,0,0,0
95387,Menouville,13.77778,0,0,3.93651,0,0,1.96825,0,0,3.93651,0,0,0,0,0,2.95238,0,0,0,0,0,0,0,0,0,0,0,0,0,0,0,0,0,0,0,0,0,0,0,1,0,0,1,0,0,0,0,0,0,0,0,0,0,0,1,0,0,4,0,0,0,0,0,0,0,0,0,0,0,0,0,0
95388,Menucourt,87.04929,4.01183,0,26.03925,3.01025,0,123.06951,20.03343,0,1053.23531,141.2026,0,271.88081,110.16654,1.00158,87.84915,307.42653,0,1.00042,0,0,1.00042,0,0,0,0,0,2.00084,2.00084,0,0,3.00126,0,0,3.00126,0,5.0021,0,0,0,0,0,4.00168,0,0,1.00042,0,1.00042,0,0,0,0,0,0,9.00377,0,0,2.00084,0,0,2.00084,0,0,21.0088,8.00335,0,6.00251,9.00377,0,1.00042,9.00377,0
95392,Mériel,127.11908,11.43318,0,177.57882,10.42393,2.09438,440.23085,53.08106,0,567.24653,78.92805,0,157.47082,133.03637,1.03758,193.34952,197.84062,5.15999,0,0,0,0,0,0,2.06614,0,0,0,0,0,1.03307,0,0,0,2.06614,0,2.06614,0,0,5.16536,0,0,5.16536,0,0,6.19843,0,0,2.06614,3.09921,0,0,0,0,5.16536,2.06614,0,13.42993,0,0,19.62835,11.36378,0,12.39685,10.33071,0,3.09921,13.42993,0,3.09921,14.463,0
95394,Méry-sur-Oise,155,26,0,163,48,0,318,171,2,743,555,6,788,141,54,232,264,4,0,0,0,1,0,0,2,0,0,2,4,0,0,1,0,0,5,0,1,1,0,1,0,0,2,1,0,1,0,0,3,1,0,2,1,0,11,4,0,24,4,5,23,26,0,37,44,2,22,9,2,21,26,0
95395,Le Mesnil-Aubry,48.4315,7.13735,0,21.59293,8.0118,0,29.17415,14.19628,1.03134,93.16467,3.9642,0,73.6767,1.03134,1.03134,21.02334,0,1.03134,0,0,0,0,0,0,0,0,0,1.55371,0,0,0,0,0,0,0,0,0.77685,0.77685,0,0,0,0,0,0,0,0.77685,0,0,0.77685,0,0,0,0,0,0,3.10742,0,3.10742,0.77685,0,0.77685,2.33056,0.77685,0.77685,6.21484,0,2.33056,1.55371,0,0.77685,0,0
95409,Moisselles,26.82965,0.9979,0,26.81382,8.95584,0,30.77705,8.95584,1.99949,102.32905,27.88119,11.97485,89.25209,41.81396,1.99264,26.74773,111.43948,0,0,0,0,0,0,0,0,0,0,0,1.12605,1.12605,0,0,0,0,2.2521,0,0,0,0,0,0,0,0,0,0,0,0,0,0,0,0,0,1.12605,0,3.37815,0,0,5.63025,0,0,3.37815,3.37815,0,2.2521,5.63025,0,1.12605,1.12605,0,2.2521,9.00841,0
95422,Montgeroult,54.30646,8.10873,0,12.95691,2.00171,0,18.98132,2.06575,0,41.59199,0,0,10.80187,1.00086,0,2.90949,6.07016,1.03287,0,0,0,0,0,0,0,0,0,0,0,0,0,0,0,0,0,0,2.94789,0,0,1.96526,0,0,0,0,0,0,0,0,0,0,0,0,0.98263,0,9.8263,8.84367,0,0.98263,0,0,0,0,0,0,0,0,0,0,0,0,0,0
95424,Montigny-lès-Cormeilles,92.11592,20.14115,0,289.17551,94.71476,0,824.57716,625.59564,20.35098,1246.12198,2157.01122,2.51258,597.53704,322.35523,3.83116,311.66294,1109.77308,3.91859,0,0,0,0,0,0,0,0,0,0,4.67669,0,0,4.07225,0,0,9.06299,0,0.93929,0,0,7.04592,0,0,9.99024,0,0,0,11.55022,0,0,6.86669,0,0,0,0,0,3.19925,0,9.62374,8.1445,0,64.19552,36.50327,0,29.93264,78.61691,4.24349,8.92338,9.76484,0,10.64001,31.66167,0.98973
95426,Montlignon,111.55681,26.44419,0,53.80825,12.73704,0,162.40635,24.50399,0,330.76096,48.04561,0,81.20698,28.41538,0.98171,99.59494,143.16487,0.98171,0.98215,0,0,0,0,0,0.98215,0,0,1.96431,0,0,0,0,0,0,0,0,0.98215,0,0,0,0,0,0,0,0,1.96431,0,0,0,0,0,0,1.96431,0,7.85723,3.92861,0,1.96431,0.98215,0,5.89292,5.89292,0,8.83938,6.87507,0,1.96431,4.91077,0,3.92861,15.71446,0
95427,Montmagny,112.93573,28.42476,0,289.3537,103.86261,7.24188,473.77413,694.85582,6.47668,877.88722,1158.32446,44.99575,339.18032,499.87647,9.704,264.50019,569.54691,7.12267,0,0,0,0,3.02247,0,1.04268,2.31679,0,0,6.21916,5.05341,0,13.17837,0,0,1.89998,0,0,0,0,0,0,0,0,0,0,0,11.42128,0,0,2.26567,0,1.83162,3.36415,0,5.91657,2.54358,2.54358,5.33452,21.90271,8.66563,15.00102,33.15528,10.29172,59.21256,88.77213,0,3.02247,27.19647,3.66324,6.95165,39.50496,4.68266
95428,Montmorency,587.25021,385.80371,0,577.93491,544.2904,12.02957,760.78399,1989.3951,27.78321,716.81393,1704.36105,107.33603,265.81009,685.14542,5.97594,203.04891,437.39149,52.88067,3.06477,7.47596,0,0,25.6524,0,6.21067,21.84658,0,3.02154,15.48497,0,0,16.54555,1.00501,0,5.07478,2.01001,3.65979,0,0,9.98202,5.63941,0,12.81684,14.29741,0,10.3632,25.39464,0,3.19262,14.47606,0,3.37951,1.76634,0,60.97757,58.83011,0,25.46483,75.76452,0,26.56564,198.27846,0,44.74354,169.99537,7.20075,2.73791,57.30055,0,0,57.37192,0
95429,Montreuil-sur-Epte,46.00377,0,0,13.14924,1.00819,0,27.12632,0,0,37.93737,0,0,29.02009,0,1.02896,4.84061,0,0,0,0,0,0,0,0,1,0,0,0,0,0,0,0,0,0,0,0,7,0,0,3,0,0,9,0,0,6,0,0,3,0,0,0,0,0,2,0,0,1,0,0,5,0,0,1,0,0,1,0,0,0,0,0
95430,Montsoult,55.7349,9.27575,1.79059,94.5751,12.15171,3.99977,210.78975,84.90765,1.95717,577.28973,97.26151,2.05147,69.69102,16.19303,0,109.75772,214.42694,3.07491,1.01071,0,0,1.01071,0,0,0,0,0,1.01071,1.01071,0,0,0,0,1.01071,0,0,1.01071,1.01071,0,0,0,0,2.02141,0,0,5.05353,0,0,0,0,0,1.01071,0,0,5.05353,6.06424,0,5.05353,9.09635,0,10.10706,5.05353,0,21.22482,7.07494,0,0,0,0,1.01071,5.05353,0
95436,Mours,20,1,1,19,3,0,44,6,0,356,11,0,26,10,0,80,52,0,0,1,0,0,1,0,0,1,0,1,1,0,0,0,0,0,0,0,0,0,0,2,0,0,1,1,0,1,0,0,1,0,0,0,0,0,1,0,5,1,1,0,4,0,0,8,1,0,1,0,0,3,1,0
95438,Moussy,5.58621,1.86207,0,6.51724,0,0,4.65517,0.93103,0,10.24138,0,0,7.44828,2.7931,0,0,0.93103,0,0,0,0,0,0,0,0,0,0,0,0,0,0,0,0,0,0,0,1,0,0,0,0,0,0,0,0,1,0,0,0,0,0,0,0,0,1,0,0,2,0,0,2,0,0,1,0,0,0,0,0,0,0,0
95445,Nerville-la-Forêt,64.79666,3.66255,0,16.56144,3.81018,0,23.45581,1.02779,0,88.21384,0.88016,0,30.48117,1.76032,6.8332,25.71657,0,7.93596,0,0,0,0,0,0,0,0,0,0,0,0,0,0,0,0,0,0,0,1.61402,0,0,0,0,0,0,0,0.80701,0,0,1.61402,0,0,0,0,0,3.22804,0,0,2.42103,0,0,3.22804,0.80701,0,3.22804,0,0,0,0.80701,0,3.22804,0,0
95446,Nesles-la-Vallée,228,13,0,102,13,0,117,9,0,165,12,0,59,6,3,37,12,0,0,0,0,0,0,0,0,2,0,0,0,0,0,1,0,0,0,0,6,0,0,6,0,0,11,0,0,7,0,0,3,0,0,2,0,0,8,1,1,5,4,0,16,5,0,6,2,0,4,0,0,0,0,0
95447,Neuilly-en-Vexin,39.05793,4.84193,0,1.97638,1.89804,0,12.70924,0,0,13.71732,1.91732,0,4.03228,0.94902,0,4.96042,3.79607,0,0,0,0,0,0,0,0,0,0,0,0,0,0,0,0,0,0,0,4.74286,0,0,0,0,0,0,0,0,0,0,0,0,0,0,0,0,0,7.11429,0,0,0,0,0,1.18571,0,0,1.18571,0,0,0,0,0,0,0,0
95450,Neuville-sur-Oise,85.39256,13.01532,0.87918,17.54722,16.773,0,76.97743,19.56905,8.79183,142.49072,22.68017,10.55019,166.167,72.24023,77.51533,63.21637,77.30489,59.05249,0,0,0,1.22113,1.22113,0,2.44226,0,2.44226,0,4.88451,0,3.66338,7.32677,6.10564,0,10.99015,3.66338,0,0,0,0,0,0,0,0,0,3.66338,0,0,1.22113,0,1.22113,1.22113,2.44226,1.22113,13.43241,6.10564,0,10.99015,0,3.66338,0,0,0,2.44226,1.22113,14.65354,2.44226,1.22113,0,3.66338,15.87467,0
95452,Nointel,46.159,11.4566,0,11.52122,0.94497,0,46.02146,2.8455,0,106.77341,1.90053,0,15.4615,19.98251,1.00032,43.50759,24.77161,0,0,0,0,0,0,0,0,0,0,0.63157,0,0,0,0,0,0,0,0,0,0,0,0,0,0,0.63157,0,0,0,0,0,0,0,0,0.63157,0.63157,0,0,1.8947,0,0.63157,0,0,2.52627,0,0,1.26313,0.63157,0,0,1.26313,0,0,1.26313,0
95456,Noisy-sur-Oise,72,2,0,15,1,0,22,7,1,58,3,1,34,2,0,7,3,0,0,0,0,0,0,0,0,0,0,2,0,0,0,0,0,0,0,0,2,0,0,0,0,0,2,0,0,2,0,0,0,0,0,0,0,0,10,0,0,0,0,0,9,1,0,9,0,0,15,0,0,2,0,0
95459,Nucourt,57.20069,1.00942,0,16.08109,1.00554,0,61.22792,3.02826,0,43.14613,0.99783,1.00168,69.10517,2.00723,0,10.98389,4.02995,0,0,0,0,0,0,0,1.00322,0,0,0,0,0,0,0,0,0,0,0,1.00322,0,0,0,0,0,2.00643,0,0,0,0,0,0,0,0,0,0,0,1.00322,0,0,0,0,0,10.03215,0,0,4.01286,1.00322,0,0,0,0,1.00322,1.00322,0
95462,Omerville,60,0,0,15,0,0,13,0,0,22,0,0,14,2,0,8,0,0,2,0,0,0,0,1,0,0,0,0,0,0,0,0,1,0,0,0,14,0,0,0,0,0,4,0,0,1,0,0,1,0,0,0,0,0,5,0,0,0,0,0,1,0,0,0,0,0,0,0,0,0,0,0
95476,Osny,90.20092,16.52865,0,97.64135,28.12881,0,488.97764,444.87504,3.84,1859.24603,783.40224,3.22209,833.42411,459.65132,3.90131,435.77617,792.36099,12.86357,0,0,0,0,0,0,3.2404,0,0,5.5697,4.75645,0,0,9.01556,0,0,2.00877,0,0,0,0,4.9328,0,0,7.8805,0,0,9.71733,0,0,0,0,0,6.38381,7.18598,0,4.85548,0,0,0,3.19191,0,16.66955,15.1636,0,38.3957,24.91398,0,15.03054,38.65594,0,28.39482,87.60912,0
95480,Parmain,239.04274,19.17628,2.17674,172.20708,38.48795,0.9859,375.23949,75.818,4.35348,839.9197,26.61728,1.05308,168.29147,9.72475,0,106.57695,117.68502,2.10616,0,1.03451,0,1.03451,1.03451,0,4.13803,2.06902,0,1.03451,0,0,0,0,0,0,1.03451,0,8.27606,0,0,8.27606,0,0,10.34508,1.03451,0,11.37959,0,0,3.10352,0,0,0,0,0,16.55213,1.03451,0,12.4141,19.65565,0,23.79368,13.4486,1.03451,42.41483,5.17254,1.03451,8.27606,1.03451,0,4.13803,40.34581,0
95483,Le Perchay,43,0,0,8,1,0,17,1,0,39,12,0,46,2,0,29,2,0,1,0,2,0,0,0,0,0,0,1,0,0,0,0,0,0,0,0,3,0,0,0,0,0,3,0,0,1,0,0,0,0,0,0,0,0,0,0,0,1,0,0,1,0,0,0,0,0,0,0,0,1,0,0
95487,Persan,91.15618,33.53417,0,165.24064,62.89418,0,311.88219,810.65183,11.22811,543.39615,806.2282,8.51864,353.19979,415.9187,9.86143,282.83179,1331.97292,16.67309,0,0,0,0,3.00023,0,0,7.44138,0,0,0,0,0,0,0,0,5.396,0,0,0,0,0,0,0,0,2.86154,1.02877,0,0,0,0,0,0,0,0,0,3.51156,10.6435,0,0,9.00069,0,26.11326,74.74098,0,14.00145,54.79302,0,14.44287,10.82476,0,15.40316,73.56923,20.23715
95488,Pierrelaye,144.74757,53.00232,0.96348,184.37077,50.40779,79.73662,311.48327,290.67183,37.78038,541.10982,515.16337,97.55485,345.14239,245.73012,32.0021,255.4376,494.44634,2.9083,1.79691,0,8.98456,0.89846,0,0,0.89846,0,1.79691,0.89846,1.79691,0,0,0,0,0,3.59382,0,0.89846,0,0,0.89846,0,0,1.79691,0,0,2.69537,0,0,0.89846,0.89846,0,0.89846,2.69537,0,13.47684,14.37529,0,8.98456,11.67993,0.89846,15.27375,20.66449,7.18765,27.85213,36.83669,0.89846,8.98456,17.07066,0,8.0861,25.15677,0.89846
95489,Piscop,43,4,6,12,0,0,34,7,0,85,0,0,36,6,0,40,1,0,1,0,0,0,0,0,0,1,0,2,0,0,1,0,0,0,0,0,1,0,0,0,0,0,0,0,0,0,0,0,0,0,0,0,0,0,4,2,0,0,0,0,2,1,0,2,0,0,1,0,0,2,0,0
95491,Le Plessis-Bouchard,70.68188,11.31188,0,197.87875,22.59743,0,335.05937,595.98795,4.12176,545.98868,507.15781,0,507.64702,205.64616,7.1901,201.08802,297.64479,0,0,0,0,1.02535,0,0,2.05071,3.07606,0,3.07606,10.25354,0,1.02535,2.05071,1.02535,0,1.02535,0,0,0,0,1.02535,0,0,0,3.07606,0,2.05071,1.02535,0,0,1.02535,0,0,0,0,7.17748,0,0,12.30424,4.10141,0,14.35495,36.91273,0,17.43101,28.7099,0,10.25354,13.3296,0,5.12677,21.53243,0
95492,Le Plessis-Gassot,5.25773,1.05155,0,3.15464,2.10309,0,4.20619,5.25773,0,3.15464,5.25773,0,4.20619,1.05155,0,1.05155,3.15464,0,0,0,0,0,0,0,0,0,0,0,0,0,0,0,0,0,0,0,0,0,0,0,0,0,0,0,0,1.02041,0,0,0,0,0,0,0,0,0,0,0,0,0,0,0,2.04082,0,0,1.02041,0,0,0,0,0,0,0
95493,Le Plessis-Luzarches,22.2439,1.85366,0,10.19512,0,0,5.56098,1.85366,0,12.04878,1.85366,0,3.70732,0,0.92683,3.70732,0.92683,0,0,0,0,0,0,0,0,0,0,0,0,0,0,0,0,0,0,0,6.51455,0,0,0,0,0,0,0,0,0,0,0,0,0,0,1.30291,0,0,1.30291,0,0,0,0,0,0,0,0,0,0,0,0,0,0,0,0,0
95500,Pontoise,536.40343,557.09815,9.69131,371.65519,503.53352,6.38625,737.33374,2132.44852,24.5078,806.00535,4031.06788,426.31457,338.02298,1376.81167,84.97547,132.8127,1535.66505,54.01558,7.51844,7.23766,2.72163,0,22.60438,2.72163,11.16176,15.66223,0,10.43991,21.99509,2.18004,7.36485,30.8074,6.71122,0,81.01261,5.71985,3.97078,0.72668,0,0,15.68948,0,9.19755,13.11016,0,9.5466,13.64933,2.18004,0,10.26058,2.09982,0,15.61612,3.44831,30.30561,99.67309,3.75922,32.53375,126.71142,3.73081,72.16635,240.83871,9.48554,34.08971,435.36055,12.27909,21.87682,70.53822,0,1.50267,141.17475,0
95504,Presles,246,32,0,131,22,0,305,51,1,513,12,0,143,22,0,96,15,0,3,0,0,1,0,0,0,0,0,3,0,0,1,0,0,0,0,0,2,1,0,0,0,0,1,0,0,4,0,0,1,1,0,0,1,0,11,7,0,9,4,1,8,5,0,3,1,0,2,4,0,2,3,0
95509,Puiseux-en-France,23.21452,2.11738,0,57.02718,3.17612,0,204.65265,17.9649,0,657.16149,20.14825,0,192.46953,74.2571,1.05319,57.64938,98.54133,1.06419,0,0,0,1.05494,0,0,1.05494,0,0,0,0,0,1.05494,0,0,0,3.16481,0,1.05494,0,0,0,0,0,1.05494,0,0,1.05494,0,0,0,0,0,0,0,0,0,0,0,2.10987,0,0,6.32962,1.05494,0,24.26352,3.16481,0,1.05494,3.16481,0,1.05494,7.38455,0
95510,Puiseux-Pontoise,7,0,0,3,0,0,8,3,0,18,3,0,76,3,0,35,44,0,0,0,0,0,1,0,0,0,0,0,0,0,0,1,0,0,0,0,0,0,0,0,0,0,0,0,0,0,0,0,0,0,0,0,0,0,0,0,0,0,1,0,1,0,0,1,1,0,3,0,0,0,6,0
95523,La Roche-Guyon,62,20,0,20,6,0,18,12,0,20,10,0,6,2,0,6,0,0,1,0,0,1,0,0,1,1,0,0,0,0,0,0,0,0,0,0,1,1,0,10,1,0,19,0,1,9,1,0,3,1,0,0,0,0,0,0,0,5,1,0,2,1,0,1,2,0,0,0,0,0,0,0
95527,Roissy-en-France,29.04825,12.06614,1.00838,35.03048,17.08517,0,39.89,72.1459,3.02514,208.75381,211.53884,4.00501,95.60089,282.00613,30.21719,23.89318,134.81398,83.67258,2.00465,1.00233,0,2.00465,4.00931,0,0,11.0256,1.00233,4.00931,24.05586,0,4.00931,30.06982,4.00931,0,6.01396,12.02793,0,0,0,0,0,0,2.00465,1.00233,0,1.00233,4.00931,0,1.00233,8.01862,0,0,2.00465,3.00698,2.00465,2.00465,0,8.01862,2.00465,0,6.01396,6.01396,0,5.01164,31.07215,0,5.01164,20.04655,0,0,41.09542,1.00233
95529,Ronquerolles,74.5036,7.15773,0,14.28063,1.02301,0,72.57209,1.02301,1.01608,100.05481,4.09904,1.01608,41.88825,7.18549,0,21.39325,6.14857,1.0265,2.04222,0,1.02111,0,0,0,1.02111,0,0,1.02111,0,0,0,0,0,0,1.02111,0,4.08443,1.02111,0,1.02111,0,0,1.02111,0,0,0,0,0,0,0,0,0,0,0,4.08443,0,0,0,0,0,4.08443,0,0,1.02111,0,0,1.02111,0,0,1.02111,2.04222,0
95535,Sagy,117.02857,4.02565,1.01582,28.01996,1.99428,0,53.02835,5.07908,0,167.54259,8.09813,0.98767,26.9853,15.11467,0,12.98018,6.08543,0,0,0,1.00203,0,0,0,1.00203,0,0,1.00203,0,0,1.00203,0,0,0,0,0,3.0061,0,0,1.00203,0,0,0,0,0,3.0061,0,0,0,0,0,0,0,0,2.00407,2.00407,0,4.00813,0,0,3.0061,0,0,7.01423,2.00407,0,1.00203,6.0122,0,0,1.00203,0
95539,Saint-Brice-sous-Forêt,90.82471,107.81519,0,126.23484,43.53202,0,306.74688,656.29326,25.18236,1103.25627,1252.00081,53.84019,610.61762,575.45251,5.771,125.50474,627.81174,0,0,0,0,0,0,0,0,0,0,0,6.85217,0,0,2.40971,0,0,6.05699,0,5.36741,2.67223,0,0,0,0,0,0,0,4.96166,2.89561,0,0,12.69965,0,0,12.01385,0,3.0971,18.95108,0,14.15,0,0,13.49343,32.8429,0,48.37195,46.15341,1,12.81,45.03757,0,12.11399,42.72263,0
95541,Saint-Clair-sur-Epte,82.37462,25.73454,0,30.19501,14.3224,1.03965,35.73181,9.30499,0,82.95482,10.0892,1.03965,17.01025,19.28667,0,32.68553,4.05489,1.03965,1.00213,0,0,0,0,0,0,0,0,0,0,0,0,0,0,0,0,0,4.00851,0,0,5.01064,0,0,3.00638,0,1.00213,2.00426,0,0,0,0,0,0,0,0,2.00426,0,1.00213,1.00213,6.01277,0,20.04255,3.00638,0,0,0,0,0,0,0,0,0,0
95543,Saint-Cyr-en-Arthies,25.55456,1.00106,0,6.75028,0,0,11.94248,0,0,38.48769,2.87461,0,2.9779,0,0,5.92979,1.97614,0,0,0,0,0,0,0,0,0,0,0,0,0,0,0,0,0,0,0,3.08333,0,0,0,0,0,1.02778,0,0,1.02778,0,0,2.05556,0,0,1.02778,0,0,0,0,0,1.02778,0,0,0,0,0,0,1.02778,0,0,0,0,2.05556,0,0
95554,Saint-Gervais,115.43042,2.02937,0,23.30506,0,0,48.59045,0,0,91.13195,0,0,59.70779,0,0,27.32619,1.01469,0,2.8383,0,0,0,0,0,0,0,0,0,0,0,0,0,0,0,0,0,12.29928,0,0,1.8922,0,0,0,0,0,4.73049,0,0,1.8922,0,0,1.8922,0,0,11.35318,0,0,1.8922,0,0,3.78439,0,0,3.78439,0,0,0.9461,0,0,0,0,0
95555,Saint-Gratien,148.84544,104.24521,2.54889,399.17415,87.50143,7.2401,672.49522,2196.86525,29.46214,403.79031,2656.79478,232.64864,242.46525,1247.21246,17.43827,112.7905,448.5179,80.26382,3.20793,0,0,2.86613,0,0,0,14.0772,1.76507,3.11444,54.95851,0,0,10.62655,1.04663,0,8.31891,4.1865,0,0,0,0,0,0,6.60838,15.56847,1.10076,2.68559,31.20591,0,9.22958,15.47238,0,0,3.63614,1.04663,3.7202,0,0,21.05534,1.93041,0,53.12597,187.93651,3.20793,17.14224,166.00599,0,17.28442,95.48359,0,4.1215,15.54376,0
95563,Saint-Leu-la-Forêt,502.26774,83.69454,0,744.23327,156.97614,10.29983,718.9085,848.48834,8.70986,1319.24282,831.8357,0,359.61256,222.24562,6.46505,292.77502,625.52875,0,0,0,0,0,2.72882,0,0,3.75057,0,6.90743,0,0,0,0,0,0.91434,1.96699,0,3.65874,0,0,5.82275,0,0,2.72882,6.65323,0,2.70541,7.1451,0,0,0,0,3.75057,0.98349,0,17.90831,18.06313,0,34.05493,31.26641,0,18.11164,112.96491,2.91063,55.86223,56.46123,0,0,49.05611,0,35.19084,50.52942,0
95566,Saint-Martin-du-Tertre,96.87591,13.07581,1.02119,63.42644,6.0522,0,94.87338,74.52506,2.00251,354.451,52.40797,1.00126,39.42671,43.32821,0,103.38134,34.19629,0,1.00942,1.00942,0,1.00942,0,0,1.00942,2.01885,0,0,0,1.00942,0,0,0,0,0,0,2.01885,0,0,0,0,0,0,0,0,0,0,0,0,0,0,0,0,0,10.09424,2.01885,0,3.02827,0,0,8.0754,3.02827,0,6.05655,1.00942,0,3.02827,4.0377,0,4.0377,0,0
95572,Saint-Ouen-l'Aumône,126.48964,60.39779,4.00006,265.39733,93.01028,0,505.26389,1105.18164,2.02614,1138.72023,2472.40435,34.38829,680.91165,1588.47111,96.2212,333.62854,1790.85687,73.71933,0,0,0,7.66487,0,0,3.10124,3.42365,0,2.92203,7.81399,0,0,8.2136,0,0,5.44625,0,0,0,0,0,0,0,0,3.9524,0,0,5.27665,0,0,11.4541,0,0,6.26334,0,0,2.92203,0,2.57249,6.49635,0,13.08227,39.13534,3.10124,27.66165,136.47146,0,10.7279,54.42732,0,8.29537,57.45931,0
95574,Saint-Prix,123.61229,13.0937,0,312.52087,28.17837,0,415.1946,240.3985,2.01354,610.25049,158.93754,1.00961,484.09267,71.51478,1.00677,172.60775,193.32026,0,0,0,0,1.00525,0,0,2.0105,0,0,2.0105,1.00525,0,0,0,0,1.00525,0,0,0,0,0,1.00525,0,0,6.0315,1.00525,0,4.021,0,0,3.01575,0,0,0,0,0,7.03675,3.01575,0,20.105,6.0315,0,17.08925,34.17851,0,31.16275,13.06825,0,17.08925,8.042,0,6.0315,16.084,0
95580,Saint-Witz,7.06942,6.27154,0,10.55708,2.64597,0,31.27525,2.67364,0.89593,444.21129,15.88753,0,181.23637,32.92379,0.86782,32.17031,61.37727,0,0,0,0,0,0,0,0,0,0,0.74213,2.2264,0,1.48427,0.74213,0,0,0,0,0,0,0,0,0,0,0,0,0,2.96854,0,0,0,0,0,0,0.74213,0,0.74213,0.74213,0,0,0,0,1.48427,0,0,17.81123,1.48427,0,2.96854,0,0,2.2264,0.74213,0
95582,Sannois,324.19421,140.18233,3.74586,992.03384,314.11815,0,943.35845,1653.38879,23.17275,686.18791,3875.09667,19.85529,310.36178,637.73605,2.85566,153.20322,1143.62259,20.53878,0,2.68474,0,0,6.31509,0,6.2659,9.37505,0,5.8212,16.93176,0,0,12.8283,3.13646,0.97722,6.2733,0,0,0,0,6.65113,0,0,0,2.98166,0,0,11.2196,0,0,0,0,0,17.33425,0,1.03796,14.11822,2.70599,17.12627,42.32239,6.49035,71.86555,128.78391,3.22427,45.92339,164.18037,3.46039,5.75452,32.14578,4.28334,2.88712,64.514,2.10346
95584,Santeuil,30,6,1,14,1,0,30,6,1,100,2,1,42,0,0,24,3,0,0,0,0,0,0,0,0,0,0,0,0,0,1,0,0,0,0,0,3,0,0,1,0,0,1,1,0,1,0,0,3,0,0,0,0,0,1,0,0,0,0,0,5,2,0,1,1,0,0,0,0,0,0,0
95585,Sarcelles,174.20262,130.44285,0,394.07293,438.93065,6.7197,743.05457,9465.16698,82.90537,1141.71302,4237.9581,58.45359,426.24988,766.39008,40.87283,365.00458,1578.17116,97.67346,0,8.43533,0,2.27816,12.3492,0,5.12199,28.79926,0,3.85594,10.58041,2.02281,0,4.22891,2.13777,1.90315,2.52284,1.06889,2.86271,0,0,5.28802,0,0,3.70688,16.3942,0,3.42174,2.14914,0,0,0.63246,0,6.41059,3.5516,1.06889,3.0967,6.19339,0,13.32455,37.99554,0,45.05161,661.30991,3.66542,48.54693,152.74774,0,17.97592,23.6191,0,0,90.39053,0
95592,Seraincourt,86.42514,6.59948,0,38.65357,11.32573,0,69.62402,13.94821,0,159.2847,12.49547,0,77.75804,13.24281,0,28.70348,7.64555,0,0,0,0,1.06929,0,0,0,0,0,1.06929,0,0,0,0,0,0,0,0,4.27718,0,0,0,0,0,1.06929,1.06929,0,0,0,0,0,0,0,0,0,0,7.48506,1.06929,0,6.41577,0,0,5.34647,0,0,11.76224,4.27718,0,7.48506,1.06929,0,2.13859,0,0
95594,Seugy,68.41758,8.26086,0,21.22569,5.17209,0,48.95301,8.20604,0,143.82154,15.46114,0,69.6561,28.05183,0,19.99088,8.20635,0,0,0,0,1.01682,0,0,0,0,0,0,0,0,0,1.01682,0,0,0,0,0,0,0,0,1.01682,0,0,0,0,4.06728,0,0,0,0,0,0,0,0,3.05046,1.01682,0,0,3.05046,0,1.01682,1.01682,0,4.06728,1.01682,0,3.05046,3.05046,1.01682,3.05046,0,0
95598,Soisy-sous-Montmorency,270.85795,34.71737,0,671.90371,117.86673,0,832.36923,1773.66249,10.57078,620.74612,1615.63662,45.87461,533.57864,336.00203,6.77696,148.36085,365.01621,0,0,0,0,0,0,0,9.1015,26.60416,0,2.90256,8.59175,0,0,3.33339,0,14.26533,0,0,0,0,0,7.41703,0,0,8.03188,6.41202,0,4.61346,16.39032,0,3.33339,0,0,0,2.6761,0,5.8612,2.86105,0,44.469,6.08175,0,44.63667,164.75009,0,31.00996,90.21328,4.2463,18.99306,37.42987,0,8.63672,89.07869,0
95604,Survilliers,62,8,0,60,17,0,164,255,1,270,480,5,65,94,0,33,163,0,1,0,0,0,0,0,0,3,0,0,2,0,0,2,0,0,1,0,0,0,0,1,0,0,2,0,0,1,3,0,2,1,0,1,2,0,8,1,0,1,0,0,16,31,0,10,16,0,5,2,0,1,19,0
95607,Taverny,414.09884,118.5516,0,636.22846,113.19726,0,1362.56241,1175.19945,11.88943,1605.63741,2856.30277,49.21087,626.69687,536.71046,2.96661,336.06533,884.74412,68.23214,0,3.35266,0,3.01283,0,0,17.49569,12.07002,0,5.7919,38.33067,0,6.04855,5.99782,0,0,9.03281,0.98887,0.98014,0,0,2.55636,0,0,18.00847,90.25872,0,8.73381,11.61472,0,0,0,0,5.87298,9.37614,0,19.0432,25.60118,0,39.15979,8.87102,0,61.78335,107.96307,5.29399,46.80425,233.84026,0,21.01085,32.81763,0,11.32885,51.04462,0
95610,Théméricourt,40,3,0,10,2,0,15,0,0,24,0,0,9,0,0,11,1,0,0,0,0,0,0,0,0,0,0,1,0,0,1,0,0,0,0,0,1,0,0,0,0,0,0,0,0,0,2,0,1,0,0,0,0,0,3,0,0,1,0,0,0,0,0,0,1,0,1,0,0,0,0,0
95611,Theuville,8,1,0,1,1,0,1,1,0,3,1,0,0,0,0,0,0,0,0,0,0,0,0,0,0,0,0,0,0,0,0,0,0,0,0,0,5,0,0,0,0,0,0,0,0,0,0,0,0,0,0,0,0,0,16,1,0,0,0,0,0,0,0,0,0,0,0,0,0,0,0,0
95612,Le Thillay,53,10,4,91,16,3,348,117,2,447,91,15,195,88,19,77,122,7,0,0,0,2,0,0,1,1,0,4,4,0,0,0,0,0,2,0,0,0,0,0,1,0,3,1,0,2,0,0,0,1,0,0,0,0,4,0,0,3,1,0,7,5,0,19,13,0,7,4,0,2,9,0
95625,Us,99.55178,3.94393,0.95438,31.64301,5.80044,0,80.00564,13.61087,1.90875,155.61093,10.74646,0.95438,60.37799,6.75418,0,34.05872,8.83898,0,0.89335,0,0.89335,0,0,0,0,0,0,0.89335,2.68004,0,0.89335,0.89335,0,0,0,0,3.57338,0,0,0,0,0,2.68004,0,0,0,0,0,0.89335,0,0,0,0,0,8.04011,7.14677,0,1.78669,0,0,1.78669,0.89335,0,3.57338,1.78669,1.78669,0,0.89335,0,0.89335,0.89335,0
95627,Vallangoujard,70,1,3,17,1,1,26,6,0,74,2,2,24,1,1,16,1,0,0,0,0,0,0,0,0,0,0,0,0,0,0,0,0,0,0,0,3,0,0,0,0,0,1,0,0,1,0,0,2,0,0,0,0,0,5,2,0,2,0,0,1,0,0,3,1,0,0,2,0,0,0,0
95628,Valmondois,138.8259,16.24434,0,57.92945,16.57984,1.00002,68.53328,15.3799,2.09218,108.92412,9.26097,0,48.48342,26.66718,0,23.48047,4.02865,0.95434,0,0,0,0,0,0,1.00632,0,0,2.01264,2.01264,0,0,1.00632,0,0,1.00632,0,5.0316,1.00632,0,1.00632,0,0,11.06951,0,0,4.02528,0,0,2.01264,1.00632,0,2.01264,1.00632,0,5.0316,0,0,3.01896,1.00632,0,6.03791,3.01896,0,10.06319,0,0,1.00632,4.02528,0,3.01896,2.01264,0
95633,Vaudherland,3.92453,0,0,7.84906,2.9434,0,2.9434,1.96226,0,3.92453,0.98113,0,4.90566,0,0,7.84906,2.9434,2.9434,0,0,0,0,0,0,0,0,0,0,0,0,0,0,0,0,0,0,0,0,0,0,0,0,0,0,0,0,0,0,0,0,0,0,0,0,0,0,0,2.25926,0,0,0,0,0,0,1.12963,0,0,0,0,1.12963,2.25926,0
95637,Vauréal,123.3309,6.40133,0,73.10189,8.07748,0,98.23609,48.7957,0,2531.8614,467.57051,8.93904,862.99562,412.24871,2.58132,188.96535,1225.98097,0,3.28482,0,0,2.7166,0,0,0,0,0,5.08735,4.99377,0,2.7166,0.96813,0,0,7.99197,0,0,0,0,0,0,0,2.7166,0,0,12.61476,0,0,2.68624,0,0,3.05996,13.58073,0,11.01001,2.7166,0,2.7166,0,0,13.61132,3.21462,0,34.16941,63.21463,0,16.16103,29.17297,0,9.03102,146.37172,0
95641,Vémars,34,2,0,26,2,0,42,16,0,420,45,1,61,54,0,128,343,2,0,1,0,3,0,0,0,0,0,5,5,0,0,0,0,0,4,0,0,0,0,0,0,0,2,0,0,2,0,0,0,2,0,0,0,0,1,0,0,3,0,0,2,3,0,10,3,0,5,0,0,5,30,0
95651,Vétheuil,120.40497,27.36653,0,49.46735,3.08823,0,68.70543,9.5656,0,66.20489,2.95474,0,24.56066,2.83323,0,18.80081,19.83259,0,3.05147,0,0,0,0,0,0,1.01716,0,0,0,0,0,0,0,2.03431,1.01716,0,23.3946,1.01716,0,5.08578,0,0,14.24019,0,0,10.17157,0,0,3.05147,0,0,0,0,0,15.25735,10.17157,0,10.17157,1.01716,0,4.06863,3.05147,0,3.05147,3.05147,0,1.01716,0,0,2.03431,5.08578,0
95652,Viarmes,230.86877,45.32537,2.00606,131.02879,59.40645,1.00884,311.49514,81.56255,5.04137,680.45874,77.53433,28.18071,263.17027,74.51918,4.03682,172.62667,87.61136,5.0485,1.00794,0,0,2.01587,0,0,1.00794,0,0,3.02381,1.00794,0,2.01587,0,0,1.00794,0,0,2.01587,0,0,3.02381,0,0,0,0,0,6.04762,0,0,0,0,0,1.00794,0,0,5.03968,2.01587,0,0,5.03968,0,4.03175,8.06349,0,8.06349,3.02381,0,2.01587,4.03175,2.01587,1.00794,9.07143,0
95656,Vienne-en-Arthies,53.37944,1.07702,0,10.07016,4.89733,1.07702,21.5579,2.15405,0,44.36447,3.02832,0,22.3299,0,0,12.98591,0,0,2.15223,1.07611,0,1.07611,0,0,1.07611,0,0,1.07611,0,0,0,0,0,0,0,0,24.75064,0,0,2.15223,0,0,3.22834,0,0,7.5328,0,0,2.15223,0,0,3.22834,0,0,4.30446,1.07611,1.07611,1.07611,0,0,3.22834,0,0,2.15223,0,0,0,0,0,0,0,0
95658,Vigny,80.67672,13.25897,1.01489,21.20211,3.04475,0,51.62282,13.19446,0,143.59239,9.1159,2.02986,42.33163,10.20497,0,44.96256,9.14391,0,0,0,1.00984,0,0,0,0,0,0,0,0,0,0,0,0,0,0,0,3.02953,0,0,3.02953,0,0,0,0,0,1.00984,0,0,1.00984,0,0,1.00984,0,0,9.08858,3.02953,0,4.03937,0,0,1.00984,1.00984,1.00984,7.0689,3.02953,1.00984,6.05906,1.00984,0,0,1.00984,0
95660,Villaines-sous-Bois,21.06982,0,0,12.04333,0,0,37.07771,2.00089,0,98.27111,1.01559,0,54.11516,2.03119,0,34.01654,32.40014,0,0,0,0,0,0,0,0,0,0,0,0,0,0,0,0,0,0,0,0.71,0,0,0,0,0,0,0,0,1.42,0,0,0.71,0,0,0,2.13,0,0.71,0,0,0,0,0,2.13,0,0,0.71,0.71,0,1.42,0,0,0,0.71,0
95675,Villeron,7.31567,2.75617,0.90897,6.38724,14.64109,0,19.1373,6.43107,0,51.78395,5.50257,0,90.08258,16.49803,0,147.47975,176.63102,1.83745,0,0,0,0,1.97605,0,0,0.98803,0,0,0.98803,0,0,0,0,0,3.9521,0,0,0,0,0,0,0,0,0.98803,0,0,0,0,0,0,0,0,0,0,0.98803,0,0,0,4.94013,0,0.98803,2.96408,0,3.9521,1.97605,0,0.98803,0,0,2.96408,19.76051,0
95676,Villers-en-Arthies,60.48556,5.67134,0,16.06814,2.83602,0,35.91447,1.8898,0,39.6953,0,0,26.46036,0.94534,0.94534,17.01119,1.88962,0,0,1.11879,0,0,0,0,0,0,0,0,0,0,0,0,0,0,0,0,26.851,0,0,5.59396,0,0,2.23758,0,0,5.59396,0,0,0,0,0,0,0,0,10.06912,2.23758,0,0,0,0,2.23758,0,0,2.23758,0,0,0,0,0,0,0,0
95678,Villiers-Adam,45.4895,5.04686,0,23.23961,0,0,62.66544,8.07701,0,139.48855,2.01841,0,26.29349,0,0,27.30693,3.03015,2.02349,0,0,0,1.0105,0,0,1.0105,0,0,1.0105,0,0,0,0,0,0,0,0,1.0105,0,0,2.021,0,0,0,0,0,2.021,0,0,0,0,0,0,0,0,6.06299,0,0,0,0,0,5.05249,0,0,10.10499,0,0,2.021,0,0,1.0105,0,0
95680,Villiers-le-Bel,70.06907,44.89023,0,229.45574,145.58236,3.77517,469.40666,3164.04398,25.69628,781.17889,2814.48156,62.88785,251.5119,691.29856,39.03862,151.96793,1068.5127,12.9109,0,0,0,0,0,0,6.60751,14.20277,0,0,26.97633,0,0,6.04544,0,0,0.83883,0,0,0,0,0,3.34607,0,2.9332,2.9397,0,2.67305,7.93552,0,0,0,0,0,6.15218,0,10.01768,0,0,2.84811,0,5.69622,14.59302,192.78389,0,59.16444,210.23264,2.98643,13.97535,18.93331,0,7.984,58.83656,0
95682,Villiers-le-Sec,17.70455,2.79545,0,6.52273,0,0,3.72727,1.86364,0,9.31818,4.65909,0,13.04545,0,0,14.90909,0,0,0,0,0,0,0,0,0,0,0,0,0,0,0,0,0,0.84324,0,0,0,0,0,0,0,0,0,0,0,0,0,0,0,0,0,0,0,0,2.52972,1.68648,0,1.68648,0,0,0.84324,0,0,1.68648,0,0,0,0,0,0.84324,0,0
95690,Wy-dit-Joli-Village,62.95888,3.04344,0,12.01527,0,0,23.95009,0,0,20.01112,1.01448,0,16.98068,0,0,11.88402,0,0,1,0,0,0,0,0,0,0,0,0,0,0,0,0,0,0,0,0,11,0,0,2,0,0,0,0,0,2,0,0,0,0,0,2,0,0,4,0,0,3,0,0,1,0,0,0,0,0,2,0,0,0,0,0
