Code géographique,Libellé géographique,"1 pièce
Propriétaire
Maison","1 pièce
Propriétaire
Appartement","1 pièce
Propriétaire
Autres logements de métropole","1 pièce
Locataire de logement parc privé vide
Maison","1 pièce
Locataire de logement parc privé vide
Appartement","1 pièce
Locataire de logement parc privé vide
Autres logements de métropole","1 pièce
Locataire de logement parc social vide
Maison","1 pièce
Locataire de logement parc social vide
Appartement","1 pièce
Locataire de logement parc social vide
Autres logements de métropole","1 pièce
Locataire de logement meublé
Maison","1 pièce
Locataire de logement meublé
Appartement","1 pièce
Locataire de logement meublé
Autres logements de métropole","1 pièce
Logé gratuitement
Maison","1 pièce
Logé gratuitement
Appartement","1 pièce
Logé gratuitement
Autres logements de métropole","2 pièces
Propriétaire
Maison","2 pièces
Propriétaire
Appartement","2 pièces
Propriétaire
Autres logements de métropole","2 pièces
Locataire de logement parc privé vide
Maison","2 pièces
Locataire de logement parc privé vide
Appartement","2 pièces
Locataire de logement parc privé vide
Autres logements de métropole","2 pièces
Locataire de logement parc social vide
Maison","2 pièces
Locataire de logement parc social vide
Appartement","2 pièces
Locataire de logement parc social vide
Autres logements de métropole","2 pièces
Locataire de logement meublé
Maison","2 pièces
Locataire de logement meublé
Appartement","2 pièces
Locataire de logement meublé
Autres logements de métropole","2 pièces
Logé gratuitement
Maison","2 pièces
Logé gratuitement
Appartement","2 pièces
Logé gratuitement
Autres logements de métropole","3 pièces
Propriétaire
Maison","3 pièces
Propriétaire
Appartement","3 pièces
Propriétaire
Autres logements de métropole","3 pièces
Locataire de logement parc privé vide
Maison","3 pièces
Locataire de logement parc privé vide
Appartement","3 pièces
Locataire de logement parc privé vide
Autres logements de métropole","3 pièces
Locataire de logement parc social vide
Maison","3 pièces
Locataire de logement parc social vide
Appartement","3 pièces
Locataire de logement parc social vide
Autres logements de métropole","3 pièces
Locataire de logement meublé
Maison","3 pièces
Locataire de logement meublé
Appartement","3 pièces
Locataire de logement meublé
Autres logements de métropole","3 pièces
Logé gratuitement
Maison","3 pièces
Logé gratuitement
Appartement","3 pièces
Logé gratuitement
Autres logements de métropole","4 pièces
Propriétaire
Maison","4 pièces
Propriétaire
Appartement","4 pièces
Propriétaire
Autres logements de métropole","4 pièces
Locataire de logement parc privé vide
Maison","4 pièces
Locataire de logement parc privé vide
Appartement","4 pièces
Locataire de logement parc privé vide
Autres logements de métropole","4 pièces
Locataire de logement parc social vide
Maison","4 pièces
Locataire de logement parc social vide
Appartement","4 pièces
Locataire de logement parc social vide
Autres logements de métropole","4 pièces
Locataire de logement meublé
Maison","4 pièces
Locataire de logement meublé
Appartement","4 pièces
Locataire de logement meublé
Autres logements de métropole","4 pièces
Logé gratuitement
Maison","4 pièces
Logé gratuitement
Appartement","4 pièces
Logé gratuitement
Autres logements de métropole","5 pièces
Propriétaire
Maison","5 pièces
Propriétaire
Appartement","5 pièces
Propriétaire
Autres logements de métropole","5 pièces
Locataire de logement parc privé vide
Maison","5 pièces
Locataire de logement parc privé vide
Appartement","5 pièces
Locataire de logement parc privé vide
Autres logements de métropole","5 pièces
Locataire de logement parc social vide
Maison","5 pièces
Locataire de logement parc social vide
Appartement","5 pièces
Locataire de logement parc social vide
Autres logements de métropole","5 pièces
Locataire de logement meublé
Maison","5 pièces
Locataire de logement meublé
Appartement","5 pièces
Locataire de logement meublé
Autres logements de métropole","5 pièces
Logé gratuitement
Maison","5 pièces
Logé gratuitement
Appartement","5 pièces
Logé gratuitement
Autres logements de métropole","6 pièces ou plus
Propriétaire
Maison","6 pièces ou plus
Propriétaire
Appartement","6 pièces ou plus
Propriétaire
Autres logements de métropole","6 pièces ou plus
Locataire de logement parc privé vide
Maison","6 pièces ou plus
Locataire de logement parc privé vide
Appartement","6 pièces ou plus
Locataire de logement parc privé vide
Autres logements de métropole","6 pièces ou plus
Locataire de logement parc social vide
Maison","6 pièces ou plus
Locataire de logement parc social vide
Appartement","6 pièces ou plus
Locataire de logement parc social vide
Autres logements de métropole","6 pièces ou plus
Locataire de logement meublé
Maison","6 pièces ou plus
Locataire de logement meublé
Appartement","6 pièces ou plus
Locataire de logement meublé
Autres logements de métropole","6 pièces ou plus
Logé gratuitement
Maison","6 pièces ou plus
Logé gratuitement
Appartement","6 pièces ou plus
Logé gratuitement
Autres logements de métropole"
95002,Ableiges,1.04158,0,0,0,0,1.04158,0,0,0,1.07387,1.07387,0,1.07387,0,0,0,0,0,5.33707,7.4212,0,0,0,0,0,7.45252,0,2.02144,6.44325,0,15.62655,0,0,6.31502,10.38926,0,0,0,0,0,4.07232,0,0,2.08315,0,74.7601,0,2.14775,10.96817,2.02144,0,0,0,0,0,0,0,1.04158,0,0,98.941,0,0,9.1339,0,0,2.91192,0,0,0,0,0,1.07387,0,0,151.35577,0,0,4.84037,0,0,0,0,0,0,0,0,0,0,0
95008,Aincourt,1.00262,1.00262,0,0,6.0157,0,0,2.00523,0,0,3.00785,0,0,0,0,1.00262,2.00523,0,1.00262,6.85033,0,0,4.01047,0,0,3.00785,0,0,0,0,14.53442,7.95812,0,7.7111,10.92273,0,0,9.73164,0,0,1.00262,0,2.9018,0,0,67.46766,1.9629,0,0.98122,0.98122,0,0,4.82372,0,0,0,0,1.00262,0,0,73.56732,0,0,1.9629,1.92102,0,0,0,0,0,0,0,0.98122,0,0,74.54352,0,0,1.00262,0,0,0,0,0,0,0,0,0,0,0
95011,Ambleville,1.02352,0,0,0,0,0,0,0,0,0,0,0,0,0,0,4.22686,1.06778,0,3.07239,2.0913,0,0,0,0,0,0,0,1.06778,0.94042,0,23.22323,0,0,3.20334,1.06778,0,0,0,0,0,0,0,0,0,0,25.4824,0,0,3.96855,0,0,0,0,0,0,0,0,2.0082,0,0,43.03396,0,0,4.86999,0,0,0,0,0,0,0,0,0.90144,0.98109,0,43.15941,0,0,0,0,0,0,0,0,0,0,0,0,0,0
95012,Amenucourt,0,0,0,0,0,0,0,0,0,0,0,0,0,0,0,2.03846,0,0,0,0,0,0,0,0,0,0,0,0,0,0,11.21154,1.01923,0,1.01923,0,0,0,0,0,0,0,0,2.03846,0,0,16.30769,0,0,2.03846,0,0,0,0,0,0,0,0,0,0,0,19.36538,0,0,0,0,0,0,0,0,0,0,0,0,0,0,24.46154,0,0,0,0,0,0,0,0,0,0,0,2.03846,0,0
95014,Andilly,1.02315,5.14062,0,0,22.63365,1.02937,0,9.2612,0,0,4.11747,35.99629,0,1.02937,0,3.07878,19.54554,0,5.1344,39.06934,0,1.02937,49.32584,0,0,6.17309,1.99979,0,1.02937,0,27.73077,24.6582,0,4.10503,26.68591,0,0,29.72442,0,0,4.11436,8.99907,0,3.07567,0,88.1468,14.37075,0,9.21468,12.25629,0,0,26.58984,0,1.02937,2.05251,0,3.07569,1.02937,0,159.59169,3.07569,0,4.10192,4.08645,0,0,5.09111,0,1.02006,1.01391,0,2.05562,0,0,287.46876,4.09883,0,4.08028,3.06949,0,0,0,1.02315,0,0,1.02006,2.04324,0,0
95018,Argenteuil,26.05784,297.10764,4.33097,86.69261,1489.8181,121.51005,3.95203,666.96945,73.2542,28.44082,1058.13999,359.73724,2.6225,63.26486,5.46757,382.3906,1931.1258,3.39117,237.10274,2981.08068,12.00886,52.09212,2052.59631,11.86596,15.96156,416.04107,26.12954,19.43553,77.29316,14.52596,1952.22517,3181.16024,13.06158,289.79529,2361.01374,13.23217,108.43553,5527.08743,23.99009,19.83948,253.30617,21.29232,59.3715,141.19224,2.98756,3491.2439,1893.58497,0,194.46802,979.44324,6.4487,189.5055,2867.70479,3.39117,18.80511,140.71941,3.97319,71.49984,158.15082,0,3020.1262,343.33052,2.69488,65.26899,180.19327,5.49132,48.97185,742.79412,8.2444,12.39642,45.08528,3.50282,37.61576,26.248,0,2214.09781,77.90582,0,55.88875,37.72308,0,12.64364,148.3592,1,12.1222,24.46205,0.9816,64.1817,18.0066,0
95019,Arnouville,6.73943,16.58757,0,7.87244,86.31456,2.54451,0,2.82389,0,0,1.11182,15.88133,0,0,63.13019,37.30336,74.34899,5.62845,82.44174,219.59499,15.11146,0,14.76152,0,2.42068,7.56307,9.99974,0,0,10.78268,395.84259,230.68738,0,114.35334,212.77907,2.36742,7.9225,101.29179,0,1.01304,19.02791,2.94973,2.4363,8.98337,0,878.16057,163.90362,0,95.15409,81.7669,0,8.79608,60.99828,0,11.5093,4.73484,12.86752,20.33496,3.04798,0,957.16972,38.32729,0,23.28364,18.70506,0,5.63066,12.58857,0,2.81533,0,0,20.80118,0,0,796.16223,7.78282,0,50.45654,3.04798,0,0,4.92271,0,11.18476,5.4154,0.99997,14.16019,0,0
95023,Arronville,0,0,0,0,0,0,0,0,0,0,0,0,0,0,0,0,0,0,0.93465,2.87783,0,0,0,0,0,0,0,0,0,0,15.32246,0,0,5.86722,0.93465,0,0,0,0,0,0,0,0,0,0,39.19698,0,0,7.65839,2.9503,0,0,0,0,0,0,0,1.00852,0,0,56.31152,0,0,6.18651,0.93465,0,0,0,0,0,0,0,1.04762,0,0,114.77562,0,0,1.04762,0,0,0,0,0,0,0,0,0.93465,0,0
95024,Arthies,0,0,0.96788,0,0,0,0,0,0,0,0,0,0,0,0,0,0,0,0.96788,0,0,0,0,0,0,0,0,2.92838,0,0,6.90015,0,0,3.89626,1.98525,0,0,0,0,1.01801,0,0,0.96788,0,0,17.87172,0,0,0.96788,0,0,0,0,0,0,0,0,0,0,0,32.1316,0,0,1.98589,0,0,0,0,0,0,0,0,1.01801,0,0,34.45557,0,0,2.11478,0,0,0,0,0,0,0,0,1.01801,0,0
95026,Asnières-sur-Oise,1.0311,0,1.0311,1.0311,7.20209,0,0,0,0,2.0622,0,1.0311,0,0,0,7.17904,25.70733,14.4354,2.0544,30.80856,9.26429,0,11.31089,0,0,0,4.1244,2.04659,5.13209,0,65.45433,14.33466,52.46137,11.25667,26.52921,8.241,2.04659,19.43519,1.01555,0,1.0311,6.17099,5.13209,2.0622,0,262.74319,8.1713,16.38859,17.2804,2.04665,3.0855,15.18868,6.078,0,2.0544,0,3.06215,6.10939,2.03116,0,279.67545,3.06226,0,8.1713,1.01555,0,11.13294,0,0,1.01555,0,0,9.14026,0,0,257.03976,0,0,4.06227,0,0,2.02354,0,0,1.0233,0,0,1.01555,0,0
95028,Attainville,1,6,0,1,4,0,0,3,0,0,2,0,0,0,0,4,7,0,1,13,1,0,3,0,1,1,0,0,0,0,24,9,0,12,9,0,0,8,0,0,0,0,0,0,0,107,1,0,8,1,0,18,1,0,1,0,0,4,0,0,189,1,0,6,2,0,2,0,0,1,0,0,3,0,0,182,1,0,6,0,0,0,0,0,1,0,0,0,0,0
95039,Auvers-sur-Oise,6.95669,9.9536,0,1.99416,28.8637,0.99708,0,19.93009,2.97976,0.99134,11.95346,0,0.99708,0,0.99708,51.7565,37.82025,0.99708,15.91312,107.43235,0.99708,0.99708,52.73066,0,5.95952,19.90143,0,3.94828,4.96818,0,244.83777,32.79476,0,25.75803,74.44876,0,3.95408,41.57412,0,2.97979,4.95103,0,10.91638,1.99416,0,525.22545,14.83607,0,36.57191,19.70732,0.99708,46.27501,20.60872,0,2.95694,1.98842,0,9.9137,3.97684,0,644.31379,5.9025,0,12.8024,2.95127,0,12.74564,2.94563,0,2.96264,0.97996,0,9.91367,0,0,689.03923,1.98842,0,15.83925,0,0,7.85701,0.99708,0,0,0,0,3.95395,0,0
95040,Avernes,0,0,0,0.99748,5.99176,0,0,0,0,0,0.99748,0,0,0,0,1.01826,0,0,0,2.99932,0,0,0,0,0,0,0,0.99748,0,0,19.06253,2.99932,0,9.03255,2.00872,0,0,1.00436,0,0,0,0,0.99748,0,0,51.27859,0,0,10.10609,4.03832,0,0,0,0,0,0,0,0.99748,0,0,67.51567,0,0,9.11578,0,0,0,0,0,1.03236,0,0,4.01773,0,0,136.4049,0,0,4.08729,0,0,0,0,0,0,0,0,3.04108,0,0
95042,Baillet-en-France,1.90927,8.65523,0,0,7.69266,0,0,7.7006,0,0,1.92515,4,1.92515,0,0.96257,5.75957,26.90445,0,0.95463,33.61891,0,0,0.95463,0,0,1.90927,1,1.92515,0,0.95463,42.85052,44.00931,0,5.69644,20.06353,0,0,0,0,0.93895,0,0,0,0.94676,0,121.80378,7.62152,0,5.68069,2.87978,0,0,0,0,0,0,0,0.92352,0,0,190.48518,1.89378,0,8.52129,0,0,0,0,0,0,0,0,4.77356,0.95463,0,238.75614,3.78717,0,1.87028,0,0,0,0,0,0,0,0,2.85616,0,0
95046,Banthelu,0,0,0,0,2.04196,0,0,0,0,0,0,0,0,0,0,1.02098,0,0,0,3.06294,0,0,0,0,0,0,0,0,0,0,2.04196,0,0,1.02098,0,0,0,0,0,0,0,0,1.02098,0,0,7.14685,0,0,1.02098,1.02098,0,0,0,0,0,0,0,0,0,0,12.25175,0,0,3.06294,0,0,0,0,0,0,0,0,0,0,0,18.37762,0,0,0,0,0,0,0,0,0,0,0,1.02098,0,0
95051,Beauchamp,4.87292,5.84918,0,0,65.32586,17.55617,0,15.60775,7.81026,0.96779,7.81026,2.92459,0,2.92459,0,30.19672,124.80691,0,7.78479,191.86455,1.95256,0,154.91036,0,3.90087,8.76106,0.97628,0,6.82972,0,286.65352,149.91384,0,21.31306,180.53986,8.77377,12.64929,174.50125,2.91608,5.83647,9.70333,0,0.97628,4.8729,0,567.61252,136.95119,0,16.46957,42.50317,0,16.45682,144.70696,0,1.94831,0,0,7.76784,3.87119,0,613.57525,50.45267,0,13.52821,6.76195,0,20.17694,19.29757,0.95937,0,0.96357,0,3.88392,4.8644,0,762.0353,7.78903,0,4.83479,0,0,11.58438,7.73409,0,3.85862,0,0.99999,9.64026,0.96357,0
95052,Beaumont-sur-Oise,4.8634,28.26319,0,2.92497,123.87698,60.49683,0.97267,42.90539,1.95229,3.90459,38.02467,26.83248,0.97615,0,8.78185,35.04429,259.40882,0,14.60754,386.83041,0.97615,2.91804,170.53456,1.95229,1.95229,49.69697,0.97615,2.90766,10.69951,0.97615,157.41888,254.10874,0,25.24129,268.26631,0.97615,9.65434,284.56097,4.84616,0.96922,27.22813,0.97267,2.92844,20.44707,0,405.61019,91.39388,0,22.29216,61.07508,0,11.67909,178.28307,1.92467,0.96233,10.67875,0.96577,11.62721,7.77465,0,501.23289,29.13213,0.96922,10.64084,10.62366,0,4.8427,80.15777,0,3.89764,1.93154,0,10.70989,8.66474,0,462.89744,11.65156,0,10.65806,10.65804,0,0.97267,15.44622,0,3.88378,0,0,14.50392,0.95891,0
95054,Le Bellay-en-Vexin,0,0,0,0.95726,0,0,0,0,0,0,0,0,0,0,0,0.95726,0,0,0,0,0,0,0,0,0,0,0,0,0,0,4.78632,0.95726,0,1.91453,0.95726,0,0,0,0,0,0,0,0,0,0,14.35897,0,0,2.87179,0.95726,0,0,0.95726,0,0,0,0,0,0,0,25.84615,0,0,1.91453,0,0,0,0,0,0,0,0,0.95726,0,0,26.80342,0,0,2.87179,0,0,0,0,0,0,0,0,0.95726,0,0
95055,Bellefontaine,0,0.98007,0,2.04942,0,0,0,0,0,0,0,0,0,0,0,5.19278,1.04779,0,0,4.16807,0,0,0,0,1.02471,0,0,0,2.09557,0,12.32214,1.04779,0,1.02471,3.14336,1.04779,0,1.00214,0,0,0,0,0,0,0,31.57149,3.98701,0,4.07779,0,0,0,1.00214,0,2.04942,0,0,0,0,0,42.7089,0,0,0,0.93738,0,0,0,0,0,0,0,0,0,0,46.25288,0,0,1.04779,0,0,0,0,0,0,0,0,1.00214,0,0
95056,Belloy-en-France,1,4,0,4,11,1,0,0,0,1,0,0,1,0,1,11,13,0,6,27,1,0,0,0,0,7,0,1,3,0,80,17,1,9,8,1,0,0,0,1,1,0,5,1,0,183,5,0,8,10,0,0,0,0,0,1,0,4,0,0,228,3,0,11,2,0,0,0,0,0,0,0,1,0,0,173,1,0,2,0,0,0,0,0,1,0,0,2,0,0
95058,Bernes-sur-Oise,3,0,0,0,1,0,0,3,0,0,0,8,0,0,1,3,1,0,1,0,0,0,16,0,2,4,0,0,0,0,32,4,0,7,3,0,5,55,0,0,0,0,1,0,0,212,0,0,5,0,0,41,35,1,0,0,0,3,0,0,221,0,0,9,0,0,17,16,0,0,0,0,3,0,0,176,0,0,1,0,0,7,1,1,0,0,0,2,0,0
95059,Berville,0,0,0,1,0,0,0,0,0,0,1,0,1,0,0,0,0,0,4,1,0,0,0,0,0,0,0,0,0,0,5,0,0,5,1,0,0,0,0,0,0,0,0,0,0,21,0,0,3,0,0,0,0,0,0,0,0,0,0,0,31,0,0,5,1,0,0,0,0,1,0,0,0,0,0,61,0,0,1,0,0,0,0,0,0,0,0,0,0,0
95060,Bessancourt,1,16,0,3,74,24,0,29,1,1,4,1,0,0,0,26,170,0,15,236,0,1,158,0,2,27,0,8,3,1,158,219,3,18,176,0,3,242,0,3,9,0,11,7,0,421,60,0,17,26,2,85,98,1,3,1,0,9,5,1,563,17,0,7,4,0,91,14,0,2,4,0,11,4,0,566,0,1,9,1,1,13,4,0,4,0,0,7,0,0
95061,Béthemont-la-Forêt,0,0,0,0,0,0,0,0,0,0,0,0,0,0,0,1,2,0,0,3,0,0,0,0,0,0,0,0,0,0,11,0,0,0,0,0,0,0,0,0,0,0,1,0,0,28,1,0,0,0,0,0,0,0,0,0,0,0,0,0,44,0,0,0,0,0,0,0,0,0,0,0,1,0,0,75,0,0,1,0,0,0,0,0,0,0,0,0,0,0
95063,Bezons,0,94.73716,0.88145,21.82031,421.25706,57.97179,1.2266,133.52587,7.05037,0.88145,164.61895,69.73832,0,9.2368,1.04399,79.14579,672.24612,0,47.60947,950.15653,1.04399,0,895.91432,6.62157,6.62221,156.0224,20.40457,7.37505,22.76759,0,643.29664,1384.17102,0,105.99072,825.74951,1.65729,62.13392,2189.0024,5.71581,20.13029,120.14943,2.99999,27.15367,25.688,0,1008.41639,628.48917,15.0676,61.41837,253.17861,0,43.84924,1233.8041,0,28.89343,68.70532,0,26.19643,40.50292,0,928.46986,99.15998,0,19.35684,44.08967,1.12164,10.87287,250.18507,0,0,4.18997,0,5.48774,20.87302,0,518.40545,32.53321,0,7.56674,10.48694,6.14429,0,43.54319,0,9.39585,0.88145,0.88145,6.15006,0,0
95074,Boisemont,0,0,0,0,1.99878,0,0,0,0,0,0,0,0,0,0,2.96325,3.00981,0,1.03486,9.9479,0,0,4.98531,0,0,0,0,0,0,0,12.08802,1.01103,0,4.14,1.01103,0,0,1.03486,1.9755,0,0,0,1.03486,0,0,45.7474,1.05925,0,2.09411,0,0,0,0,0,0,0,0,3.05972,0,0,74.08006,3.10458,0,0,0,0,0,0,0,0,0,0,1.03486,0,0,145.16467,0,0,3.17946,0,0,0,0,0,1.13592,0,0,0,0,0
95078,Boissy-l'Aillerie,1.01961,4.07845,0,1.01961,6.11006,1.01961,0,0,0,0,5.09806,1.01961,0,0,1.01961,7.10702,11.1853,0,5.07523,31.52427,1.012,0,2.03922,0,0,4.05562,2.02406,3.05123,1.00445,0,50.70028,12.18242,0,8.07349,29.28838,1.01961,6.05692,12.12911,0,3.02857,1.01961,0,3.05883,2.03162,0,114.97189,12.11407,0,15.08229,8.05095,0,5.97465,7.03911,0,0,0,0,3.05883,0.99696,1.00445,156.93405,10.08995,0,14.06279,1.01961,0,2.95379,1.012,0,0.99696,0,0,2.02401,0.99696,0,232.01051,1.98648,0,3.97301,0,0,1.012,0,0,0,0,0,2.00891,0,0
95088,Bonneuil-en-France,1.99643,2.99464,0,3.02356,9.99178,1.99643,0,0,0,0,2.01571,0.99821,0,0,0,3.99285,18.05471,0,4.04143,27.17417,0,0,4.02187,0,2.00607,9.13921,0,1.99643,0.99821,0,37.50714,32.24302,0,0,31.41078,0.99821,0,15.19626,0,0,1.99643,0,1.03734,1.02742,0,56.09917,4.04115,0,5.13747,6.03777,0,2.03518,5.07831,0,0,1.00785,0,4.07045,0.99821,0,67.32686,3.05305,0,6.21519,0,0,0,1.04736,0,1.04736,0,0,0,0,0,49.0375,3.05305,0,5.17784,0,0,0,0,0,0,0,0,0,0,0
95091,Bouffémont,0,1.00539,0,2.01079,34.17631,4.02157,2.01079,21.1062,5.02697,0,1.99673,0,0,0,2.00373,4.00747,30.08442,0,1.98978,72.1911,12.06472,3.00208,73.13367,3.01618,1.00539,9.02753,0,0,0,0,67.83322,64.94289,0,5.97609,64.80925,0,42.67851,206.80076,0,1.98978,4.01452,0,1.98287,2.99502,0,340.06555,38.69807,0,20.7977,10.90502,0,61.31353,127.54414,0,1.96216,2.01079,0,2.95408,0.98439,0,493.20696,8.89463,0,10.84264,4.909,0,22.66325,30.40097,0,2.96706,0.98439,0,7.99393,2.9604,0,447.40055,0.97748,0,3.93079,0.98439,0,4.95679,5.91361,0,0.99834,0,0,3.00913,0,0
95094,Bouqueval,0,0,0,0,5.71011,0,0,0,0,0,0,0,0,0,1.06697,1.14202,0,0,1.06697,7.99415,0,0,0,0,0,0,0,1.06697,0,0,6.02267,0,0,8.76587,4.12767,0,0,0,0,0,0,0,0,0,0,20.5501,0,0,3.14035,0,0,0,0,0,0,0,0,0,0,0,21.09545,2.28404,0,0,0,0,0,0,0,0,0,0,0,0,0,28.20833,1.06697,0,0,2.28404,0,0,0,0,0.87015,0,0,1.06697,0,0
95101,Bray-et-Lû,0,0,0,0,0.93765,0,0,0,0,0,0.93765,0,0,0,0,0,0.96142,0,4.7358,9.37655,0,0,0,0,0,0,0,0.98579,0,0,27.64715,0,0,18.51684,17.4853,0,0,1.94721,0,0,0,0,0,1.89907,0,64.92947,0.93765,0,2.93361,7.01255,0,0,0,0,1.01077,0,0,2.8611,0,0,75.14326,1.06266,0,6.90299,1.06266,0,0.96142,0,0,0,0,1.87531,0,0,0,69.42669,0,0,3.94502,0,0,1.11721,0,0,0,0,0,2.9117,0,0
95102,Bréançon,0,0,0,0,0,0,0,0,0,0,0,0,0,0,0,0,0,0,0.99182,0.95999,0,0,0,0,0,0,0,0,0,0,9.06443,0,0,4.9974,4.92832,0,0,0,0,1.05869,0,0,0,0,0,19.25013,2.01653,0,4.06594,1.02471,0,0,0,0,0,0,0,1.02471,0,0,32.24452,0,0,2.08339,0,0,0,0,0,0,0,0,0,0,0,80.02195,0,0,2.0505,0,0,0,0,0,0,0,0,0,0,0
95110,Brignancourt,0,0,0,0,2.07273,0,0,0,0,0,0,0,0,0,0,1.03637,1.03637,0,1.03637,10.27295,0,0,0,0,0,0,0,0,0,0,3.87123,1.03637,0,2.07273,4.00627,0,0,0.90331,0,0,0.98997,0,1.03637,0,0,8.60947,3.70567,0,2.75226,1.89923,0,0,0,0,0,0,0,0,0,0,18.74923,1.03637,0,0,0.94565,0,0,0,0,0,0,0,0,0,0,39.3223,0,0,0,0,0,0,0,0,0,0,0,0,0,0
95116,Bruyères-sur-Oise,0,1.15899,0,0,25.92306,0,0,12.90386,0,1.17832,0,1.00003,0,0,0,4.63692,12.9422,0,4.67495,29.20803,1.17832,1.17832,78.35308,0,0,4.63629,0,2.31799,1.15899,0,83.06153,5.81524,0,13.94784,27.70775,0,2.26127,120.57407,0,0,1.10289,0,0,0,1.10289,356.37367,4.65562,0,49.66607,10.14952,0,55.93329,37.32836,0,3.40156,0,0,6.89787,1.15899,0,349.79449,1.15899,0,27.31098,3.34546,0,56.19,3.34546,0,1.15899,0,0,6.76852,0,0,270.12438,0,0,10.04193,0,0,14.54785,3.34729,0,0,0,0,4.61853,0,0
95119,Buhy,0,0,0,0,0,0,0,0,0,0,0,0,0,0,0,3.11374,0,0,2.07788,0,0,0,0,0,0,0,0,1.02369,0,0,18.64604,0,1.03587,4.16804,0,0,0,0,0,0,0,0,0,0,0,20.65053,0,0,2.04741,0,0,0,0,0,0,0,0,0,0,0,34.0623,0,0,4.1435,0,0,0,0,0,0,0,0,0,0,0,33.94074,0,0,2.05952,0,0,0,0,0,0,0,0,1.04201,0,0
95120,Butry-sur-Oise,0,0,0,0,3.05897,0,0,0,0,0,0,0,0,0,0,12.18348,3.03927,1.01966,0,3.0524,0,0,15.28171,0,2.03931,2.03275,0,0,1.01309,0,52.62318,8.14416,0,9.0725,3.01975,0,0,31.24361,0,1.00657,1.00009,0,5.05254,1.01966,0,145.44388,1.01966,0,10.05315,1.00657,0,8.04649,16.0344,0,1.01309,0,0,2.02618,1.01966,0,239.11186,0,0,6.01382,2.02618,0,12.98877,2.99399,0,0,0,0,4.02649,0,0,235.70926,0,0,2.99399,0,0,2.01318,0,0,0,0,0,1.99374,0,0
95127,Cergy,0,147.42945,0.95124,3.94332,1335.62566,33.78561,7.55225,542.50466,12.44344,15.36713,2105.01988,261.49471,0,381.33394,1,22.5145,1117.76904,3.72462,19.26481,2037.30637,10.98147,8.4919,1867.01347,1.02326,10.18197,446.82224,51.42979,0,65.71798,0,172.68814,1927.65691,0,39.24539,1808.27088,6.95348,60.25354,3281.67576,18.01916,11.70221,272.80811,8.5847,12.77577,118.39052,8.40189,1083.04157,1285.91542,0,131.02498,653.11432,4.74671,176.95523,2103.65092,5.71315,12.65645,269.85628,7.42878,44.72713,124.1031,3.97572,1528.62014,451.58234,2.6983,61.95026,155.54784,1.02063,122.84292,542.29571,0,22.2853,176.29694,10.3666,8.33619,67.36122,0,1151.55165,71.46203,0,42.50759,59.08596,0,26.43877,135.32154,0,46.14565,148.51905,6.06979,19.19043,0,0
95134,Champagne-sur-Oise,2.00653,3.0098,0,2.00612,11.03592,0,0,17.05489,0,1.00286,2.00653,0,0,0,0,16.0504,9.02877,1.00327,7.02041,34.10775,1.00306,0,30.09367,0,1.00306,4.01286,0,3.00898,0,0,101.311,35.11081,0,21.06428,50.14836,2.00551,5.01469,114.33529,0,0,2.00592,0,2.00653,1.00327,0,308.91933,18.05591,0,23.06734,12.03306,0,33.09408,56.16061,0,0,0,0,6.01612,0,0,392.13076,9.02673,0,17.04959,3.00878,0,15.03959,22.05857,0,2.0051,0,0,5.01388,0,0,480.36281,1.00327,0,7.01816,2.00571,0,3.00776,5.01286,0,1.00245,0,0,4.01184,2.00531,0
95139,La Chapelle-en-Vexin,0,0,0,0,0.81027,0,0,0.81027,0,0,0,0,0,0,0,0,0,0,0,1.69629,0,0,3.24109,0,0,0,0,0,0,0,7.28274,0,0,1.77203,1.77911,0,0,3.55114,0,0,0,0,0,0,0,27.83426,0,0,2.91425,0,0,0,0,0,0,0,0,0,0,0,34.17723,0,0,1.77911,0,0,0,0.96884,0,0,0,0,0,0,0,32.03669,0,0,1.0594,0,0,0,0,0,0.96884,0,0,0.81027,0,0
95141,Charmont,0,0,0,0,0,0,0,0,0,0,0,0,0,0,0,0,0,0,2,0,0,0,0,0,0,0,0,0,0,0,1,0,0,5,0,0,0,0,0,0,0,0,0,0,0,0,0,0,2,0,0,0,0,0,0,0,0,0,0,0,0,0,0,1,0,0,0,0,0,0,0,0,1,0,0,1,0,0,1,0,0,0,0,0,0,0,0,0,0,0
95142,Chars,0.96328,3.72979,0,0,5.57413,0,0.92217,3.72979,0,0,0,0,0,0,0,10.34941,9.38797,0,2.80762,46.5644,0,0.92217,12.19933,0.92217,0.92217,4.69307,0,2.84872,1.92839,0,81.44025,4.65196,0,13.58865,24.98721,0.96328,0,15.43099,0,0.92217,0.92217,0,3.72979,0.92217,0,129.49049,5.74597,0,12.85189,3.94273,0,14.83679,6.15866,0,0.96328,0,0,4.99379,2.10413,0,155.7269,1.05106,0,6.40418,0.96328,0,13.8618,0,0,2.01243,0,0,0.92217,0,0,154.27167,0,0,1.88545,0,0,1.19797,0,0,0.96328,0,0,2.80762,0,0
95144,Châtenay-en-France,0,0,0,0,0,0,0,0,0,0,0,0,0,0,0,0,0,0,1.0625,0,0,0,0,0,3.1875,0,0,0,0,0,0,0,0,0,0,0,0,0,0,0,0,0,0,0,0,0,0,0,0,0,0,0,0,0,2.125,0,0,0,0,0,3.1875,0,0,0,0,0,0,0,0,2.125,0,0,0,0,0,8.5,0,0,2.125,0,0,0,0,0,0,0,0,0,0,0
95149,Chaumontel,0.97453,4.87265,0,0.97453,9.75916,0,0,0,0,0,0,0,0,0,0,15.662,24.44664,0,4.88651,45.16314,0.97453,0,0,0,0,1.96293,0,0.97453,0.97453,1.01672,107.81937,21.62071,0,10.87295,20.80068,0,3.02244,0,0.9884,2.95132,0.97453,0,1.99125,0,0.97453,242.16683,6.90491,0,16.07249,1.99086,0,6.00149,0,0,2.99412,0,0,2.96539,0,0,354.97155,2.96539,0,2.06259,1.99086,0,3.08033,0,0,1.94906,0,0,0.9884,0,0,401.42583,0,0,4.08217,0,0,0.9884,0,0,0,0,0.99998,2.95152,0,0
95150,Chaussy,0,0,0,0,4.10145,0,0,0,0,0,0,0,0,0,0,3.04618,1.01041,0,4.10145,6.12227,0,0,2.03577,0,0,1.02536,0,0,0.99567,0,27.49147,0,0,7.0436,2.00651,2.05073,0,2.00608,0,0,0,0,0,0,0,51.18425,0,0,13.98724,3.01692,0,0,0,0,0,0,0,2.00608,2.02103,0,46.16127,0,0,6.98509,1.02536,0,0,1.01041,0,0,0,0,1.99134,0,0,71.0866,0,1.01041,4.92112,0,0,0,0,0,0.98115,0,0,0,0,0
95151,Chauvry,0,0,0,0,0,0,0,0,0,0,0,0,0,0,0,2,0,0,0,0,0,0,0,0,0,0,0,0,0,0,11,0,0,3,0,0,0,0,0,0,0,0,1,1,0,21,0,0,3,0,1,0,0,0,0,0,0,2,0,0,26,0,0,1,0,0,0,0,0,0,0,0,3,0,0,40,0,0,3,0,0,0,0,0,0,0,0,0,0,0
95154,Chennevières-lès-Louvres,0,0,0,0,0,0,0,0,0,0,0.9735,0,0,0.9735,0,0,0,0,0.9735,1.00424,0,0,0,0,0,0,0,0,0,0,2.98199,0,0,6.05717,2.95124,0,0,0,0,0,0,0,0,0,0,18.30823,0,0,9.16999,4.17754,0,0,0,0,0,0,0,0,0,0,14.51457,0,0,3.92474,0,0,0,0,0,0,0,0,2.07291,0,0,34.44074,0,0,2.0402,0.9735,0,0,0,0,0,0,0,0,0,0
95157,Chérence,0,0,0,0,0,0,0,0,0,0,0,0,0,0,0,0.92771,0,0,1.85542,0.92771,0,0,0,0,0,0,0,0,0,0,1.85542,0,0,5.56625,1.85542,0,0,0,0,0,0,0,1.85542,0,0,5.56625,0,0,0.92771,0.92771,0,0,0,0,0,0,0,0.92771,0,0,10.20479,0,0,0.92771,0,0,0,0,0,0,0,0,0.92771,0,0,25.04812,0,0,0.92771,0,0,0,0,0,0,0,0,0.92771,0,0
95166,Cléry-en-Vexin,1.1075,0,0,0,0,0,0,0,0,0,0,0,0,0,0,1.04522,0,0,0,5.47521,0,0,0,0,0,0,0,0.98645,0,0,10.41406,0,0,4.24666,4.18789,0,0,0,0,1.04522,0,0,0,0,0,20.11797,0,0,1.9762,1.1075,0,0,0,0,0,0,0,0,0,0,52.60593,0,0,2.8484,0,0,0,0,0,0,0,0,0,0,0,70.0768,0,0,0,0,0,0,0,0,0,0,0,0,0,0
95169,Commeny,0,0,0,0,0,0,0,0,0,0,0,0,0,0.98135,0,1.9231,0,0,0.92046,3.68859,0,0,1.69005,0,1.00264,0,0,0,0,0,11.02272,0,0,2.94405,2.76813,0,0,0,0,0,0,0,0,0,0,37.46869,0,0,14.61438,1.41154,0,0,1.84766,0,0,0,0,1.98399,0,0,54.85498,0,0,2.9859,0,0,0,1.18965,0,0,0,0,0.98135,0,0,91.22443,0,0,4.99924,0,0,0,0,0,0,0,0,0,0,0
95170,Condécourt,0,0,0,0,1,0,0,0,0,1,0,0,0,0,0,1,1,1,2,10,0,0,0,0,1,0,0,0,0,0,18,8,0,7,20,0,0,0,0,0,0,0,2,1,0,45,3,0,1,2,0,0,0,0,0,0,0,1,0,0,55,3,0,3,1,0,0,0,0,0,0,0,0,0,0,51,0,0,2,0,0,0,0,0,0,0,0,0,0,0
95176,Cormeilles-en-Parisis,0,77.01265,0,0,258.41159,10.14231,0,71.66244,3.06347,0,226.33174,29.40198,4.00768,4.44087,0,75.40627,567.89942,0,29.08875,877.81457,8.95307,0,277.55671,0,0,94.5858,1,5.12557,27.91778,0,393.11168,678.68517,1.02116,55.09765,413.37742,0,0,462.5437,3.35158,1.15964,21.24505,0,9.75108,10.05421,0,1449.41223,347.34162,0,87.22434,136.66952,0,16.33334,256.24868,0,4.22172,0,0,11.6513,18.10249,0,1705.72973,104.0019,0,30.25039,38.32933,0,15.4211,27.97388,0,0,0,0,19.31775,4,0,1814.72337,9.69013,0,30.56703,12.31373,4.28547,3.92783,18.89851,0,1.15964,3.63548,0,27.49754,2,0
95177,Cormeilles-en-Vexin,0,2.15996,0,0,1.07998,0,0,0,0,0,1.07998,1.0441,0,0,0,12.56984,1.07998,1.8001,4.24816,14.94033,0,0,0,0,0,1.07998,0,2.15996,0,0,53.9104,1.07998,0,9.40285,10.47929,0,0,1.0441,0,1.07998,0,0,2.12408,0,0,77.52902,0,2.08821,13.33759,8.15283,0,0,0,0,0,0,0,0,0,0,131.0913,0.97589,0,2.02345,1.98531,0,0,0,0,0,0,0,3.09763,0,0,131.05072,0,0,1.98531,0,0,0,0,0,0,0,0,3.03287,0,0
95181,Courcelles-sur-Viosne,0,1.02769,0,0,2.05538,0,0,0,0,0,0,0,0,0,0,1.04032,1.02769,0,1.02769,2.05538,0,0,1.02769,0,0,0,0,0,0,0,7.23176,1.04032,0,3.102,4.11705,0,0,2.06168,0,0,1.02769,0,1.02769,1.02769,0,16.55676,1.02769,0,4.13602,2.07439,0,0,1.04032,0,0,0,0,2.06168,0,0,30.0878,0,0,2.08068,0,0,0,0,0,0,0,0,0,0,0,39.47628,2.08702,0,2.08702,0,0,0,0,0,0,0,0,1.02769,0,0
95183,Courdimanche,0,17.53336,0,0,47.72776,0.97416,0,19.48067,0,0.97416,18.50349,0,0,4.8708,0,6.8171,110.0669,0,5.84496,109.06354,1.94832,5.83992,170.42348,0,1.94681,22.40063,2.92147,0.97416,2.92197,0,59.37136,192.80296,0,14.60383,108.05716,0,21.40633,171.30151,0.97416,0,13.63168,1.94731,0.97265,2.92097,0,292.93298,66.19499,0,16.54258,22.38049,0,84.64313,71.99216,0,0,3.8916,0,6.81458,0,0,388.2848,10.70518,0,17.51121,4.86325,0,32.09391,12.64394,0,0.97215,0,0,1.94631,0,0,507.94885,3.89412,0.97215,7.78019,0.97265,0,18.4713,2.91845,0,0.97366,0,0,7.78774,0,0
95197,Deuil-la-Barre,4.89143,51.72194,0,9.08145,204.92222,7.6609,0,47.25877,3.11714,10.94298,222.23261,16.11041,0,5.11905,0,23.84271,517.4133,4.63574,29.51692,564.55331,6.90274,1.0749,369.26163,7.7669,0,98.06661,8.51478,3.14578,17.19712,0,412.63522,1118.15776,0,45.13482,606.52609,3.94987,26.45924,687.74441,3.52432,26.29839,81.97861,3.45416,9.60851,31.7758,0,852.90717,625.61037,2.99822,58.48345,162.15254,3.87447,41.73108,363.83957,2.14979,3.21216,20.11712,0,24.58236,22.90092,0,985.0351,207.2852,0,38.90429,31.98803,0,9.80645,93.93601,0,3.14578,7.26471,0,6.40851,6.80681,0,992.83452,27.57782,0,22.38809,2.2032,0,3.11714,20.38698,0,3.14833,0,6.05155,9.75832,0,0
95199,Domont,2.99612,36.40098,0,7.90615,217.78542,0,0,34.17587,0,2.80073,14.24008,0,0,2.80073,0,56.77377,137.75359,0,20.03033,303.14322,0,6.78025,240.836,0,0,43.45209,0,0.99997,0,0,259.41703,573.51295,3.06323,17.13132,343.85123,0,35.70199,433.79223,0,12.39191,36.68671,0,14.27716,21.63912,0,735.33925,433.98802,0,23.93023,114.67977,0,74.47013,240.04866,5.73255,1.01672,5.52673,0,26.16615,18.68918,0,847.30687,74.68958,0,30.83071,13.11754,0,26.99809,38.51655,2.96439,2.99612,5.21102,0,19.91925,0,0,837.83156,0.96853,0,9.45032,5.11548,0,33.13297,0,0,0,0,0,3.99989,0,0
95203,Eaubonne,0,34.37679,0,1.28137,143.44725,3.7075,0,148.3597,1.0086,2.5229,60.56228,18.92618,3.25978,7.21695,10.00001,49.98251,313.24598,0,13.90506,511.12196,0,0,397.47371,0,3.11749,47.69065,2.47011,3.65011,7.78093,3,453.10474,1326.86954,4.16607,49.41088,638.5508,3.55316,3.78821,685.69644,0,0,34.99556,0,22.52712,29.99188,2,1025.231,1123.13681,0,44.35474,198.82609,0,3.11749,369.09726,2.93265,3.00471,10.69578,0,9.66043,31.1606,0,1151.58522,381.30243,0,54.13989,45.87617,0,16.04189,39.9067,0,4.45674,9.52114,0,3.62365,5.71308,0,1203.21137,35.64267,0,18.40313,5.87943,0,0,9.90704,0,3.32754,0.73505,0,7.6124,5.90407,0
95205,Écouen,0,11,0,1,33,10,0,16,0,2,7,32,0,1,1,13,82,0,3,79,2,1,79,0,0,4,2,1,7,0,121,211,2,27,98,0,12,202,1,2,12,0,3,10,0,320,184,1,31,51,0,45,134,0,2,3,0,12,7,0,457,56,1,10,8,1,10,30,0,1,2,0,10,5,0,410,6,0,11,1,1,2,0,0,0,0,0,8,1,1
95210,Enghien-les-Bains,0,46.93897,0,9.32016,358.52061,10.03391,0,60.50627,3.52999,0,75.19696,3.98755,0,17.52702,0,14.76259,396.14167,0,3.06327,594.10394,0.93592,0,215.2731,0,0,109.14795,0,0,31.21453,0,66.50867,587.06184,0,17.592,400.17199,0,0,219.24582,1.04941,2.96087,35.70249,0,0,33.59235,0,187.89689,394.86151,0,12.10806,154.36278,6.27135,0,111.49492,0,3.23999,13.50744,0,2.99224,12.99263,0,234.12027,150.42417,0,28.04463,34.68987,0,0,50.28183,0,0,3.3734,0,8.36452,11.58102,0,637.22292,45.65419,0,23.59295,3.84598,0,0,6.49797,0,2.62632,0,0,6.19788,5.90924,0
95211,Ennery,1,0,0,0,12,0,0,0,0,0,2,4,0,1,0,3,7,0,5,54,0,0,0,0,0,6,1,1,0,0,36,3,0,10,17,0,1,0,0,1,0,0,0,1,0,169,9,0,18,4,0,7,0,0,0,1,0,5,2,0,211,0,0,10,1,0,5,0,0,0,0,0,3,1,0,251,2,0,9,0,0,1,0,0,2,0,0,3,0,0
95212,Épiais-lès-Louvres,0,0,0,0,1,0,0,0,0,0,1,0,0,0,0,0,1,0,0,5,0,0,0,0,0,0,0,0,0,0,5,0,0,0,5,0,0,0,0,0,0,0,2,0,0,9,0,0,3,0,0,0,0,0,0,0,0,0,0,0,10,0,0,0,0,0,0,0,0,0,0,0,0,0,0,12,0,0,0,0,0,0,0,0,0,0,0,1,0,0
95213,Épiais-Rhus,1.09345,0,1.09345,0,1.09345,0,0,0,0,0,0,0,1.09345,0,0,9.78014,0,0,1.09345,3.04022,0,0,0,0,0,0,0,2.18689,1.09345,0,12.37219,0,0,3.21946,4.13706,0,1.09345,0,0,0,0,0,0,0,0,47.96095,0,0,5.05785,0.9208,0,0,0,0,0,0,0,3.04681,0,0,53.30625,0,0,0.86953,0,0,0,0,0,0.9208,0,0,1.03257,0,0,110.70278,0,0,1.03257,0,0,0,0,0,0.9208,0,0,1.09345,0,0
95214,Épinay-Champlâtreux,0,0,0,0,0.98276,0,0,0,0,0,0,0,0,0,0,0,0.98276,0,0.98276,1.96552,0,0,0,0,0.98276,0,0,0,0.98276,0,0.98276,0,0,0,3.93103,0,0,0,0,0,0,0,0,0,0,1.96552,0,0,2.94828,0.98276,0,0,0,0,0,0,0,0.98276,0,0,1.96552,0,0,0,0,0,0,0,0,0,0,0,0,0,0,2.94828,0,0,0.98276,0.98276,0,0,0,0,0,0,0,0,0,0
95218,Éragny-sur-Oise,0,35.46744,0,5.54259,106.89262,4.08809,0,96.36116,2.84073,0,17.01897,3.47095,0,0,0,31.65264,191.9038,0,16.81074,158.21639,0,0,322.56936,2.51494,3.59156,30.76182,0,0,10.21812,0,199.88874,715.94668,0,18.60545,175.1409,2.64032,0,696.76708,9.20305,0,20.83445,0,12.60292,20.91447,0,732.29914,616.21927,0,52.47532,76.82801,0,24.12306,457.34092,2.7558,3.3298,4.85097,0,7.33862,27.33661,0,1028.95571,176.37268,0,15.70958,50.18872,0,20.93,203.82189,0,3.59156,3.58094,0,6.45454,5.62122,0,711.7381,33.47477,0,6.72364,5.48272,0,5.19839,51.11555,0,3.59156,12.94507,0,2.67871,0,0
95219,Ermont,5.40896,74.26979,0,6.22435,257.86161,21.59022,0,260.88598,12.42858,0,38.45464,0,5.43837,0,1.91767,68.88236,443.73815,0,20.95482,705.31452,8.6295,3.26321,655.58274,5.77281,5.31154,79.45669,0,18.12766,15.0743,0,345.42525,1244.83677,0,35.44796,683.82486,5.33692,0,1452.53438,0,4.68989,50.49748,0,8.18389,37.78198,0,815.16265,954.4675,2.69645,35.40562,188.24056,2.64996,5.2021,1247.97284,0,8.76974,47.76015,0,8.80317,51.97446,0,1052.24486,242.07231,0,23.92387,24.80144,0,0,264.04878,2.35301,2.71271,8.9742,2.94165,16.61488,25.47165,0,1036.03769,22.26163,0,11.74956,3.60879,0,2.40161,18.92272,0,0,0,0,11.40391,0,0
95229,Ézanville,0,19.90527,0,0,131.97437,17.77864,0,20.86059,0,0,6.29485,7.34399,0,1.04914,0,22.93002,80.49111,0,11.41806,178.48717,4.10266,0,93.66929,0,1.04914,10.44404,5.10977,0,5.21737,0,178.67168,354.79032,1.04914,10.26612,162.47684,2.06064,1.03967,248.01634,3.09142,0,11.42736,0,3.12847,18.83717,0,476.06484,361.01557,1.03967,23.66089,64.82749,2.05141,6.13554,205.99827,3.05444,1.04914,7.26861,1.02097,9.3762,5.1705,0,518.43265,94.11649,0,11.32457,14.46269,0,3.0448,57.19065,0,1.03028,0,0,9.40446,4.14056,0,477.00082,4.15875,0,7.14746,1.01175,0,0,8.16886,0,0,0,0,5.17997,0,0
95241,Fontenay-en-Parisis,0,5.04281,0,0,15.1008,0,0,0,0,0,1.00856,0,0,0,0,2.01712,9.0598,0,9.05633,31.21711,0,0,19.15921,0,1.00166,4.02389,0,0,1.00856,0,26.1261,7.03577,1.00511,13.03888,30.07422,0,0.98801,21.09009,0,3.00158,0,0,1.00511,1.00856,0,117.40213,1.99996,0.9914,8.0237,4.02392,0,1.99307,23.93725,0,1.00166,0,0,5.02212,0.99823,0,186.43859,2.01022,0,8.03063,0,0,0.99481,0.99481,0,1.00511,0,0,1.99996,0,0,207.02827,0,0,1.99647,0,0,0,0,0,0.99823,0,0,2.01712,0,0
95250,Fosses,1.9947,1.9947,0,4.95674,54.75497,0.99735,0,27.87576,0,0,5.97407,0,0,0,0,39.644,76.57574,0.96753,11.87827,85.96281,0.99735,0,170.62764,0,2.9522,7.92872,0,1.95485,3.97937,0.99735,240.12887,60.20067,0.97737,23.54842,51.88481,0,1.94511,293.32541,0.9578,0.97737,6.82244,1.96469,5.96413,6.88187,0,909.897,29.48234,0.9578,29.16726,31.10546,0.98731,14.46661,131.13432,0,2.92248,0.96753,0,17.7137,10.81204,0.99735,842.19249,6.86169,0,22.38388,2.86384,0.94815,6.70555,41.54589,0,0,0.93861,0,11.63295,12.82593,0,476.15449,1.98466,0,6.84192,3.8606,0,1.88676,3.89985,0,1.93596,0,0,6.77394,2.9522,0.98731
95252,Franconville,0,160.98337,0,3.98627,466.24523,7.34435,0,159.70149,0,0.89677,57.83365,4.54043,1.17017,1.97938,0,42.2918,1082.98214,0,22.71258,963.36924,4.17096,0,471.87963,0,3.77611,127.88359,0,14.1966,30.80991,0,377.28455,2440.42326,0,16.92018,1303.46345,0.89677,9.93702,1126.72107,2.97544,0,99.05597,7.40627,16.24071,74.57283,0,887.58844,1750.06708,0,33.79555,447.59998,0,28.13251,946.05479,3.27952,0,39.99444,0,15.18257,45.85873,0,1113.2454,439.1995,0,25.88957,65.6767,0,24.47348,174.66887,0,0,11.71196,7.12631,4.76115,7.97106,0,984.17854,52.9178,0,16.78834,12.89509,0,7.16676,16.54571,0,0,0.877,0,9.15744,0,0
95253,Frémainville,1.20955,0,0,0,3.51657,0,0,2.41909,0,0,0,0,0,0,0,1.09747,1.20955,0,0,1.20955,0,0,0,0,0,0,0,0.90352,0,0,7.3048,0,0,2.41909,14.51208,0,0,0,0,0,0,0,1.09747,0,0,30.58373,0.99579,0,0,5.74162,0,0,0,0,0,0,0,0,0,0,43.36231,0,0,2.63539,0.90352,0,0,0,0,0,0,0,1.09747,0,0,86.55785,0,0,1.64736,0.67492,0,0,0,0,0,0,0,1.95339,0,0
95254,Frémécourt,0,0,0,0,0,0,0,0,0,0,0,0,0,0,0,0.88817,0,0,0,1.05495,0,0,1.14974,0,0,0,0,0,0,0,8.01974,3.35444,0,3.26746,5.22434,0,0,0,0,0,0,0,3.26746,0.96798,0,37.03148,0,0,1.05495,0,0,0,0,0,0,0,0,1.05495,0,0,50.54793,0,0,4.08241,0,0,0,0,0,0.88817,0,0,0.96798,0,0,85.40277,0,0,1.70312,0,0,0,0,0,0,0,0,0,0,0
95256,Frépillon,3.09101,7.23841,0,1.03685,13.45952,0,0,3.09101,0,0,1.0173,0,0,2.0737,0,12.30612,40.18382,0,6.20156,23.59457,0,2.05416,18.50768,0,0,3.05191,0,1.03685,2.05416,0,71.28237,33.67535,0,6.08574,11.15308,0,20.19771,20.21365,0,2.05416,0,0,3.95523,0,0,171.22835,0,0,19.83994,2.977,0,74.69543,2.95746,0,0.96084,0,0,3.05228,1.99661,0,275.78333,0,1.03685,6.8935,0.94273,0,15.47037,4.85997,0,0,0,0,6.04773,0,0,332.41827,0,0,4.84527,0,0,0.99812,2.01543,0,0.96084,0,0,4.05113,0,0
95257,La Frette-sur-Seine,3.01067,5.03846,0,2.0003,18.16064,3.03138,0,6.04892,0,0,3.03138,0,1.01046,0,0,33.28288,38.28689,1.00354,8.06296,62.3585,0,0,46.32943,0,0,9.08721,0,2.02092,1.01046,0,169.49265,78.35396,2.014,16.01575,47.09195,0.99667,0,34.96672,0,0,6.042,0,2.00713,5.03154,0,333.15652,44.12929,0,17.01938,12.99816,2.02092,0,16.88977,0,2.99693,0.98307,0,6.03508,1.01046,0,384.60881,16.99905,0,15.88641,2.97678,0,1.97974,0.97634,0,0.99667,0,0,2.02092,0,0,422.13597,2.97641,0,6.95654,0,0,0.98984,0.98984,0,0,0,0,6.02143,0,0
95258,Frouville,0,0,0,0,0.92513,0,0,0,0,0,4.62566,0,0,0,0,1.977,0,0,1.85027,0.96558,0,0,0,0,0,0,0,0,0.92513,0,7.52241,0,0,6.7204,1.85027,0,0,0,0,1.93293,0,0,0,0,0,25.24612,0,0,3.82365,0,0,0,0,0,0,0,0,0,1.0078,0,31.52049,0,0,2.01745,0,0,0,0,0,0,0,0,0,0,0,60.1184,0,0,0,0,0,0,0,0,0,0,0,1.89072,0,0
95268,Garges-lès-Gonesse,2.40081,60.42966,0,2.85623,270.63976,10.35809,0,270.04981,0,9.71905,65.97676,46.89399,0,251.83638,0,29.37841,362.91741,0,9.4217,587.74542,8.3246,6.93414,1189.50425,16.42012,0,97.55298,0,0,26.19591,0,353.50152,856.96642,0,69.50356,803.03849,4.02293,71.29692,2434.70064,14.18855,2.85464,111.22348,3.65107,22.37731,57.27767,0,715.04512,814.77681,0,63.03508,443.13811,0.88688,96.17613,1649.45026,16.97169,9.33781,100.32048,0,6.21236,61.72563,0,530.09941,120.9608,0,27.99779,96.12418,0,32.83275,342.61963,2.89262,11.74202,17.02744,0,12.83293,11.18118,0,420.16954,25.80817,0,27.57761,33.22987,0,16.06173,147.1626,0,2.9524,5.37691,1,8.92491,3.57386,0
95270,Genainville,0,1.03326,0,0,0,0,0,0,0,0,1.03326,0,0,0,0,2.03275,1.03326,1.03326,0,6.19955,0,0,0,0,0,0,0,2.04964,0,0,23.56237,1.01638,0,3.0328,7.09885,1.03326,0,0,0,1.03326,1.01638,1.03326,3.03307,0,0,48.37638,2.03303,0,2.01615,1.03326,0,0,0,0,0,0,0,0,0,0,52.379,0.99977,0,3.0004,0,0,0,0,0,0,0,0,0.98344,0,0,55.37696,1.03326,0,1.99981,0,0,0,0,0,0,0,0,0,0,0
95271,Génicourt,0,0,0,0,3.03534,1.01178,0,1.01178,0,0,0,1.01178,0,1.01178,0,2.01854,1.00676,0,0,4.03208,0,0,0,0,0,1.01178,0,2.02356,0,0,14.06978,0,0,1.01178,2.00355,0,0,1.99856,0,0,0,0,0,0,0,36.14889,0,0,1.01178,1.00176,0,0,1.00176,0,0,0,0,1.00676,0,0,50.14902,0,0,3.02532,1.99861,0,0,0,0,0,0,0,0.94842,0,0,69.30238,0,0,0.99679,0,0,0,0,0,0,0,0,0,0.98692,0
95277,Gonesse,3.48452,45.35315,0,7.78943,184.99144,1,0,311.03958,7.00229,2,159.79558,108.07102,0,0,0,9.50053,326.32477,0,19.9094,531.19117,0,7.87972,780.04828,0.91047,9.34742,82.58525,3.00688,0,12.87234,0,254.41158,424.27327,0,28.77209,396.78622,0,15.7724,1264.80089,1.05021,0,37.16789,0,0,11.1102,0,1181.45503,365.73739,0,94.85847,136.09063,0,93.49764,934.83279,4.08654,14.66322,16.37631,0,17.26307,31.38517,0,1057.58846,124.80788,0,39.44297,35.82313,2.3007,30.92194,272.26822,0,3.04122,9.96065,0,14.82481,3.72653,2.8492,627.5394,23.76092,0,13.10614,13.50608,0,11.81605,38.83724,0,4.82741,2,0,7.39106,0,0
95280,Goussainville,10.26655,3.94256,12.02993,11.0764,240.38666,164.09595,0,86.05106,47.62756,0,25.67596,115.65877,3.30268,2.04116,2.63626,140.84222,74.97196,3.35974,59.72603,327.50112,6.24769,22.81509,471.19495,9.50699,5.87262,22.46416,6.0016,11.88634,0,0,788.26404,106.48226,11.06622,145.71235,249.39787,3.04816,52.02217,1031.44941,2.56095,11.51039,18.60619,0,24.18271,11.82045,0,1648.97219,55.98145,0,124.88147,78.89339,5.56509,43.30119,883.44052,8.98435,0,17.76652,0,8.7426,9.55722,0,1496.34205,5.86904,0,75.95798,17.55889,0,12.15905,152.20158,0,8.72082,5.97775,2.96922,33.42399,0,0,1200.90666,4.68812,2.68802,39.47692,17.53569,0,3.19387,32.61362,0,6.10148,2.99059,0,27.81855,0,0
95287,Grisy-les-Plâtres,0,0,0,1.00409,0.99255,0.99255,0,0.99255,0,0,0.99255,2.97765,0,0,0,1.99661,0,0,0.9983,7.96342,3.97021,0,0,0,0,2.00239,9.97153,0,0,0,13.98224,1.00409,0.99255,6.00143,5.99564,3.97021,0,0,0,0.99255,0,17.90623,2.98341,0,0.99255,34.05283,1.00409,1.00991,3.00662,3.01809,0,0,0,0,0.99255,0,0.99255,2.00818,0,0,56.11418,0,0,4.01067,0,0,0,0,0,0,0,0,0,0,0,90.26601,0,0,5.03229,0,0,0,0,0,0,0,0,2.02012,0,0
95288,Groslay,1.00464,20.93251,0,6.22612,100.87501,3.12423,0,20.82221,0,0,4.17309,0,0,1.04886,1.04886,33.09661,97.97,2.09772,15.40102,194.12558,4.0856,0,77.64369,0,2.00975,13.34751,0,2.07537,2.07537,3.12423,133.02399,258.77476,0,26.26312,157.42485,0,1.88357,99.84633,0,0,13.1739,0,5.22195,10.37782,0,376.27363,161.11469,0,22.11279,59.16546,0,9.8374,58.64663,0,2.99252,4.0218,0,6.00692,8.19166,1.90408,490.04926,49.87208,1.02651,25.90319,18.61549,0,8.62049,13.8036,0,1.97058,1.00464,0,6.03019,0,0,579.01786,9.10975,0,19.72385,3.08002,0,0.94179,2.97388,0,0.98324,0,0,13.07009,0,0
95295,Guiry-en-Vexin,0,0,0,0,0,0,0,0,0,0,0,0,0,0,0,0,0,0,0.94706,1.89412,0,0,0,0,0,0,0,0,0,0,4.73529,0,0,2.84118,3.78824,0,0,0,0,0,0,0,0.94706,0,0,8.52353,0,0,1.89412,3.78824,0,0,0.94706,0,0,0,0,0,0,0,12.31176,0,0,0,0,0,0,0,0,0,0,0,0,0,0,19.88824,0,0,0.94706,0,0,0,0,0,0,0,0,0,0,0
95298,Haravilliers,0,0,0,0.95081,0,0,0,0,0,0,0,0,0,0,0,2.95899,0.98633,0,0.98633,0,0,0,0,0,0.95081,0,0,0,0,0,9.83045,0,0,4.9712,0.98633,0,0,0,0,0,0,0,0,0,0,25.01044,0,0,7.20871,0,0,0,0,0,0,0,0,0,0,0,50.00924,0,1.10105,6.14451,0,0,0,0,0,0,0,0,0,0,0,87.33258,0,0,3.14878,0,0,0,0,0,0,0,0,1.93714,0,0
95301,Haute-Isle,2.96035,0,0,0.97434,0,0,0,0,0,0,0,0,0,0,0,7.92486,2.99911,0,2.94151,0,0,0,0,0,0,0,0,0,0,0,19.88041,2.99804,0,3.03609,0,0,0,0,0,0,0,0,0,0,0,27.80672,0,0,0,0,0,0,0,0,1.07036,0,0,0.97434,0,0,25.14997,0,0,0,0,0,0,0,0,0,0,0,1.98601,0,0,32.78684,0,0,0,0,0,0,0,0,0,0,0,0,0,0
95303,Le Heaulme,0,0,0,0,0,0,0,0,0,0,1,0,0,0,0,5,4,0,1,0,0,0,0,0,1,0,0,0,0,0,7,3,0,2,1,0,0,0,0,0,0,0,0,0,0,16,0,0,0,0,0,0,0,0,0,0,0,0,0,0,17,0,0,0,0,0,0,0,0,0,0,0,0,0,0,33,0,0,2,0,0,0,0,0,0,0,0,0,0,0
95304,Hédouville,0,0,0,0,0,0,0,0,0,0,0,0,0,0,0,0,0,0,1.06616,0,0,0,0,0,0,0,0,0,0,0,2.09268,0,0,0,0,0,0,0,0,0,0,0,0,0,0,24.69373,0,0,0,0,0,0,0,0,0,0,0,1.02652,0,0,26.1855,0,0,1.02652,0,0,0,0,0,0,0,0,1.94278,0,0,62.59263,0,0,0,0,0,0,0,0,0,0,0,0,0,0
95306,Herblay-sur-Seine,5.6926,74.84268,2.68392,7.96327,233.81006,9.63221,0,70.6466,2.78177,2.78127,139.44776,81.22083,0,7.29046,7.68107,80.67708,390.13782,21.8618,17.82113,651.89705,1.90791,0,422.40943,0.89534,3.57449,73.28563,1.89465,3.22476,34.27997,6.48489,472.99877,615.19638,4.23462,42.61094,464.30238,0,31.68337,741.17189,3.5102,0,34.5807,0,10.10917,17.68532,5.92456,1571.98623,343.77339,6.32052,68.49115,131.40829,0,104.87336,388.87837,0,12.44252,16.01943,0,21.98282,14.55977,3.17434,2089.18461,123.8401,6.18735,31.44068,8.28736,0,61.28964,109.16816,2.61487,12.88831,12.05957,0,9.90901,2.55357,0,1957.99249,14.60711,0,34.43262,4.76209,0,19.41566,11.15891,0,0,3.14749,2.61487,18.82688,0,0
95308,Hérouville-en-Vexin,0,1.90255,0,0,3.80758,0,0,0,0,0,0,0,0,0,0,2.85382,3.8051,0,0,4.75761,0,0,0,0,0,0.95189,0,0,0.95189,0,7.61391,7.61391,0,1.90379,5.71199,0.95189,0,0,0,0,0,0,0.95127,0,0.95127,26.65987,2.86003,0,1.90503,0.95127,0,0,0,0,0.95127,0,0,1.90317,0,0,41.90322,0,0,1.90627,0,0,0,0,0,0,0,0,1.90255,0,0,101.90921,0,0,1.90441,0,0,0,0,0,0,0,0,1.90441,0,0
95309,Hodent,0,0,0,0,1,0,0,0,0,0,0,0,0,0,0,0,0,0,0,0,0,0,0,0,0,0,0,0,0,0,8,0,0,2,0,0,0,0,0,0,0,0,2,0,1,17,1,0,3,0,0,0,0,0,1,0,0,1,0,0,15,0,0,0,0,0,0,0,0,0,0,0,0,0,0,38,1,0,0,0,0,0,0,0,0,0,0,0,0,0
95313,L'Isle-Adam,3.09649,40.0993,13.28371,3.42982,153.99001,5.72633,3.27914,38.19327,0,0,36.81173,3.13237,0,4.18057,0,24.17331,218.93314,3.98511,9.51263,450.18994,31.86952,3.27914,256.66401,0,6.80538,35.33234,18.30262,0,4.8522,0,157.15257,438.45388,15.94046,22.9529,397.77053,10.47968,21.47583,411.20878,5.81969,0,29.20708,10.47968,15.34135,24.50982,0,503.90179,262.09356,8.86482,33.93522,84.34492,0,52.09994,227.9554,3.90971,0,7.00619,0,19.93394,24.03379,0,656.78846,46.74126,0,32.52322,34.30217,0,27.68412,19.57188,0,0,8.59343,0,25.28202,0,0,1012.34565,15.42176,1.32837,27.41731,0.95942,0,3.36262,4.41452,0,3.36262,0,0,13.05205,0,0
95316,Jagny-sous-Bois,0.97872,0,0,0,0,0,0,0,0,0,0,0,0,0,0,2.91338,0,0,0.97113,1.94225,0,0,0,0,0,0,0,0,0.97872,0,7.83008,0,0,0.97872,1.94225,0,0,0,0,0,0,0,0,0,0,15.6983,0,0,1.95743,0,0,0,0,0,0,0,0,0.97872,0.98636,0,22.78004,0,0,1.95749,0,0,0,0,0,0,0,0,0.97113,0,0,36.48163,0,0,0.97113,0,0,0,0,0,0,0,0,0,0,0
95323,Jouy-le-Moutier,0,19.19683,0,1.06094,39.46013,0,0,26.51603,0,0,18.60224,0,0,3.36817,0,6.48917,146.61852,0,7.31092,199.3829,0,5.12863,260.69543,0,3.36817,26.59999,2.8776,0,2.12106,0,138.37987,260.01615,1.06053,6.6824,155.08126,0,118.73736,376.16912,2.8776,3.10575,10.18539,0,0,9.15671,0,961.97592,134.10341,0,61.36888,36.83237,0,348.80654,142.92904,0,9.20342,0,0,6.83834,12.25571,0,1381.69601,25.03121,0,31.49388,2.9904,0,190.80635,37.85741,3.23411,0,0,0,6.4719,0.86934,0,1043.91638,15.46091,0,27.97051,2.12106,0,30.33389,8.20774,0,2.97871,0,0,0,0,0
95328,Labbeville,0,0.99678,0,0,0,0,0,0,0,0,0,0,0,0,0,2.03669,4.0087,0,3.01192,14.01968,0,0,2.01513,0,1.99357,3.98714,0,0,0,0,21.45797,10.12018,0,3.07801,9.07981,0,0,0,0,2.01513,0,0,1.99357,0,0,42.06534,4.13947,0,5.18127,6.17711,0,0,0,0,0,0,0,2.05872,0,0,41.07613,0,0,0,0,0,0,0,0,0,0,0,1.08587,0,0,73.42981,0,0,1.01835,1.10936,0,0,0,0,0,0,0,0.99678,0,0
95331,Lassy,0,0,0,0,0,0,0,0,0,0,0,0,0,0,0,0,1.96971,0.98485,0,5.90912,0,0,0,0,0,2.95456,0,0,0,0,0.98485,0.98485,0,7.87883,0.98485,0,0,0,0,0,0,0,0,0,0,8.86368,0,0,3.93941,0.98485,0,0,0,0,0,0,0,0,0,0,21.66677,0,0,0,0,0,0,0,0,0,0,0,0,0,0,16.7425,2.95456,0,1.96971,0,0,0,0,0,0,0,0,0.98485,0,0
95341,Livilliers,0,0,0,0,2.03645,0,0,0,0,0,1.01823,0,0,0,0,1.01304,1.01823,0,0,5.08076,0,0,0,0,0,0,0,0,0,0,5.08079,6.0938,0,3.03398,6.07312,0,0,0,0,0,0,0,0,0,0,25.32112,0,0,4.02129,1.00788,0,0,1.00788,0,0,0,0,0,0,0,36.39749,0,0,4.03675,0,0,0,0,0,0,0,0,1.00274,0,0,52.51901,0,0,0,0,0,0,0,0,0,0,0,1.00788,0,0
95348,Longuesse,0,0,0,0,0,1.04424,0,0,0,0,1.04424,0,2.08848,0,0,3.09863,0,0,2.08848,5.22121,0,0,0,0,0,1.04424,0,1.01015,0,0,8.18459,0,0,3.91085,12.19222,0,0,0,0,0,0,0,1.04424,0,0.97717,33.2493,0,0,5.9333,0.97717,0,0,0,0,0,0,0,0.97717,0,0,52.31731,0,0,0.97717,0,0,0,0,0,0,0,0,1.04424,0,0,76.63558,0,0,0,0,0,0,0,0,0,0,0,1.92456,0,0
95351,Louvres,10.71297,10.37664,0,0,68.03067,6.60074,0,55.03475,0,0,3.33556,0,0,9.47633,0,11.70427,179.33093,0,4.99346,290.38913,0,0,229.28827,0,4.13197,21.15788,0,1.36615,8.14811,0,159.15828,251.10098,4.68611,41.189,199.79921,5.23459,10.00748,376.07562,4.68611,1.29135,22.78547,0,2.00007,14.01573,0,682.65342,128.87654,1.13033,56.10351,49.53619,0,18.67625,251.30954,1.29919,1.15225,16.0497,0,24.74713,14.25368,0,746.70102,17.01299,0,25.85919,17.12034,0,0,40.46814,5.44416,4.23582,0,0,15.80048,15.81642,4.23582,473.75383,0,0,10.8364,2.20523,0,0,25.74602,0,0,0,0,5.27518,0,0
95352,Luzarches,2.03325,4.0665,0,2.04329,78.38056,4.0665,0,14.24278,0,0,5.09316,1.01662,0,4.0665,0,7.16687,42.77883,0,9.22079,169.60546,1.01662,1.02666,92.91589,0,0,3.05991,0,3.04987,5.11354,0,91.36754,39.80978,0,23.71536,74.08563,0,34.11451,69.87828,0,0,10.31754,0,5.17438,5.12358,0,228.07135,12.31033,0,25.83073,14.44527,0,9.46555,25.76999,0,1.01662,2.05343,0,8.29472,1.08902,0,386.2866,4.09662,0,21.79496,3.14123,0,3.13129,10.41983,0,1.04704,0,0,11.32482,2.06367,0,456.53634,4.08658,0,14.53653,0,0,0,4.21068,0,0,0,0,4.15785,1.0368,0
95353,Maffliers,0.92175,3.578,0,0.91258,9.85748,0,0,0,0,1.789,8.96298,1.789,0,0,0,6.33408,42.14057,0,0,58.40407,0,0,8.06857,0,1.789,4.49948,0,0.8945,0.8945,0,39.9283,45.95422,0,12.64981,37.99385,0,0,20.9176,0,0,0,0,0.8945,0,0,109.16201,6.32481,0,6.40648,12.6677,0,0,2.77462,0,0.92175,0,0,0,0,0,140.32845,1.84387,0,3.63232,0,0,1.86213,0,0,0,0,0,1.82515,0,0,166.82246,0.8945,0,1.8714,0,0,0.94984,0,0,0,0,0,1.80699,0,0
95355,Magny-en-Vexin,2.84774,2.86761,0,0.94925,76.12025,4.74623,0.94925,61.92046,4.76611,0.94925,10.46158,2.94939,0,1.89849,0.94925,9.53263,31.54498,0,14.4188,126.5427,0.94925,3.9809,148.92509,0,0.94925,11.53007,0.94925,1.89849,2.86761,0.94925,99.23607,19.14433,0,42.11095,86.17197,1.01012,30.31535,191.24738,0,0,4.86798,0,3.81686,2.86761,0,268.59716,12.56048,0,37.18077,21.47023,3.01051,53.03932,139.66148,0,1.95853,5.7961,0,7.77662,1.91837,1.93824,370.98408,3.89888,0,19.71552,4.88913,0,24.17351,46.65348,0,0.96912,0,0,8.7859,0.94925,0,418.42211,1.93865,0,9.8768,1.95853,1.01012,5.01566,3.91874,0,1.97924,0.96912,0,3.05372,0.94925,0
95365,Mareil-en-France,0,0,0,0,0,0,0,1.98092,0,0,0,0,0,0,0,0.97955,2.97139,0,1.91616,22.748,0,0,7.86949,0,0,2.94968,0,0,0,0,10.71051,5.89924,0,0.94752,16.62173,0,0,1.94854,0,0,8.71927,0,0.99046,0.97955,0,31.14274,1.92684,0,3.88629,4.80143,0,0,0,0,0,0,0,1.93763,0,0,54.23489,0,0,0,0,0,0,0,0,0,0,0,0,0,0,91.16236,0,0,3.85391,0,0,0,0,0,0,0,0,0.96876,0,0
95369,Margency,0,3.95054,0,0,16.76948,0.98763,0,0.98763,0,0,11.85161,2.9629,0.98763,1.94291,0,3.9424,36.50179,0,0.98356,54.2548,0.98356,0,51.25136,0,2.95883,8.86428,0.98763,0,0,0,26.50797,133.9283,0,1.96714,54.9991,0,0,52.97901,0,0,2.94258,0,2.95074,3.91806,0,108.97396,86.5382,0,2.94262,26.48364,0,0,35.12978,0,0,0,0,0,3.93436,0,172.71184,36.43276,0,8.77945,5.85292,0,0,2.9224,0,0,0.97951,0,1.95095,2.95476,0,288.27963,4.90169,0,2.93047,1.95096,0,0,0,0,0,0,0,0,0,0
95370,Marines,0,2.87872,0,3.8383,26.8954,0,0,5.75745,0,0,4.8047,0,0,0.95957,0,11.5904,23.05028,0,13.47521,68.37714,0.95957,0,21.15849,0,0.95957,3.84513,0.9664,0.97328,7.69025,0,84.89467,28.95186,0,27.12919,54.05132,0,9.71261,28.0195,0,5.78491,0.9664,0,5.77793,6.74434,0,152.97767,2.89921,0,25.27906,16.56036,0,38.15369,18.50791,0,2.90618,0.97328,0,1.93978,0.95957,0,250.6676,3.85196,0,21.39237,1.95359,0,18.56247,3.88639,0,1.94656,0,0,5.81925,0.98021,0.98021,362.85191,0.97328,0.95957,7.81523,0.97328,0,0.9664,2.94779,0,3.90034,0,0.98718,11.60425,0,0
95371,Marly-la-Ville,0,6.86305,0,0,18.60889,0.97398,0,6.86305,0,0,4.90218,0,1.96087,0,0,17.60912,40.17847,0.97398,5.86646,71.4041,2.94131,3.90564,59.71616,0,0,11.74584,0,0.98044,0.98044,0,128.82731,42.0812,0,15.60961,55.65565,0.97398,18.49937,83.82715,0.97398,1.9544,2.93162,0,2.93807,1.95764,0,427.16379,7.82089,1.9544,24.29827,8.75304,0,31.10346,26.23043,0,4.87325,0,0.96757,15.58716,1.94155,0.97077,611.85238,1.96087,1.96087,12.63607,0,0,15.54849,1.948,0,0,0,0,3.91527,0,0,417.76118,0.97398,0,1.93513,0,0,1.94481,0,0,0,0,0,1.95764,0,0
95379,Maudétour-en-Vexin,0,0,0,0,0,0,0,0,0,0,0,0,0,0,0,1.02463,0,0,0,0,0,0,0,0,0,0,0,0,0,0,7.17241,0,0,1.02463,1.02463,0,0,0,0,1.02463,2.04926,0,1.02463,0,0,13.3202,0,0,0,0,0,0,0,0,0,0,0,1.02463,0,0,17.41872,0,0,1.02463,0,0,0,0,0,0,0,0,0,0,0,33.81281,0,0,2.04926,0,0,0,0,0,0,0,0,0,0,0
95387,Menouville,0,0,0,0,0,0,0,0,0,0,0,0,0,0,0,0.98413,0,0,0,0,0,0,0,0,0,0,0,0,0,0,1.96825,0,0,0,0,0,0,0,0,0,0,0,0,0,0,2.95238,0,0,0.98413,0,0,0,0,0,0,0,0,0,0,0,3.93651,0,0,0.98413,0,0,0,0,0,0,0,0,0.98413,0,0,10.8254,0,0,2.95238,0,0,0,0,0,0,0,0,0,0,0
95388,Menucourt,0,5.00974,0,0,13.03708,0,0,43.1341,0,1.00342,6.01683,0,0,0,0,5.0079,23.06023,0,3.01025,14.02211,0,8.02183,138.37056,0,0,10.0305,0,0,3.01025,0,80.12639,112.19163,0,3.99716,18.01924,0,12.00977,111.06888,0,1.00342,1.00158,0,2.005,0,0,533.26542,30.01985,0,8.00161,9.98276,0,67.92208,48.9233,1.00158,1.99582,2.00132,0,4.00448,2.00316,0,559.06977,6.99636,0,11.98041,3.00106,0,27.90674,11.96579,0,2.00316,0,0,2.9919,0,0,308.79255,0.99608,0,2.005,1.00342,0,2.99007,1.99399,0,0,1.00342,0,1.00342,0,0
95392,Mériel,1.03758,7.33035,0,6.25439,29.30215,3.13196,0,10.44307,0,4.17915,4.18877,0,0,0,0,29.19671,26.11249,0,18.69621,57.32656,1.03758,0,61.62094,1.04719,4.15039,6.2543,0,7.33035,0,0,165.87643,45.77948,0,24.7692,37.28795,0,6.18769,80.61076,1.02805,0,5.21682,0,7.21617,1.03758,0,402.61683,23.95123,0,17.4684,18.61123,0,9.20591,41.93798,2.04718,1.02805,3.10337,0,6.24521,0,0,488.96672,9.29106,0,5.09406,5.12153,0,2.00941,5.06566,0,2.0658,1.01861,0,4.13168,1.03758,0,438.94949,2.07515,0,3.11281,0,0,0.9908,1.01861,0,2.04665,0,0,4.16954,0,0
95394,Méry-sur-Oise,3,15,1,4,43,2,0,23,1,0,8,16,1,2,1,29,95,0,7,120,1,0,137,2,3,11,26,4,4,0,173,163,3,39,94,0,10,226,4,5,11,1,8,6,2,520,102,0,39,28,0,54,138,0,4,5,0,22,11,5,697,17,0,20,3,0,23,26,0,3,0,0,17,0,1,723,3,0,8,2,0,1,7,0,2,0,0,9,2,0
95395,Le Mesnil-Aubry,0,0,0,0,4.01672,1.03134,0,0,0,0,0,0,0,0,1.03134,3.09401,5.15669,0,3.09401,8.19603,0,0,0,0,0,1.03134,0,0,0,0,24.18447,4.01744,0,2.03534,3.9642,0,0,0,0,1.004,0,1.03134,0,1.03134,0,51.79146,3.09401,0,3.88433,3.8332,0,0,0,0,0,0,0,0.97738,0,0,83.80504,0,0,1.004,0,0,0,0,0,0,0,0,0,0,0,114.04921,0,0,1.93025,0,0,0,0,0,0,0,0,1.90295,0,0
95409,Moisselles,0,4.98319,0,0.9979,8.98114,0.9979,0,0,0,0.9979,0.9979,4.9932,0,0,6.98533,0,32.89283,0.9979,1.99581,33.87812,0,0,0,0,0,5.96844,0,0,0,1.99264,21.90009,46.77498,0,4.97687,28.82849,0,0,0,0,0.99474,0.99158,0,0.99158,2.98738,0,62.61815,22.83166,0,5.95583,4.96113,0,1.98948,0,0,0,0.99158,0,0,0.99158,0,87.25345,0.99474,0,1.98317,1.98947,0,0.99474,0,0,0,0,0,0,0,0,105.12386,0,0,2.9779,0,0,1.98947,0,0,0,0,0,0.98843,0,0
95422,Montgeroult,1.00086,1.03287,0,0,1.03287,0,0,0,0,0,0,0,0,0,0,1.03287,1.03287,0,3.09862,5.13235,1.03287,0,0,0,0,0,0,0,0,0,11.01729,1.00086,0,2.0027,6.10119,0,0,0,0,0,0,0,1.97264,0,0,24.03132,0,0,4.00441,2.88131,0,0,0,0,0,0,0,1.03287,0,0,32.55227,1.03287,0,0,0,0,0,0,0,0,0,0,1.03287,0,0,54.99295,0,0,1.80371,0,0,0,0,0,0.93976,0,0,1.03287,0,0
95424,Montigny-lès-Cormeilles,4.11393,25.55756,0,5.58881,82.14188,5.29952,5.92325,56.40852,0,4.0722,8.64954,18.25158,3.55948,0,0,56.36379,208.38341,0,63.12719,322.39468,0,1.97943,304.46637,2.92888,1.09645,34.89586,0,0,1.78945,0,266.17097,630.67932,0,28.68304,376.47696,1.04422,65.80942,667.17083,0,0,33.54588,0,0,16.6695,0,843.25912,486.90547,3.08911,42.17151,158.31555,0,103.78272,563.38045,0,0,17.5169,0,2.29811,13.88968,0,935.15637,210.85472,0,41.41647,36.7932,0,74.55089,135.26092,0,0.97218,4.49814,0,0,7.17713,0,779.50307,7.04736,0,12.04869,5.48899,0,25.83501,14.11596,0,2.72394,1.04422,0,14.19572,3.24473,0
95426,Montlignon,0,3.91909,0,0.98171,29.44736,0,0,4.90854,0,0,1.95567,0,0,0,0,5.88637,15.69377,0,4.90273,74.57301,1.96342,0,50.05549,0,0.97784,1.96342,0,0.98171,0.98171,0,47.02715,41.16396,0,9.78611,59.75256,0,0.97784,31.33145,0,2.93931,3.91522,0,2.94125,0.97784,0,106.69077,9.79384,0,5.87089,4.88534,0,0.97784,3.91329,0,1.95954,0.97014,0,0.97977,3.91329,0,212.35342,5.87862,0,5.87477,0.97591,0,6.83329,1.95568,0,0,0,0,2.93352,0,0,426.25122,0,0,6.82953,0.97784,0,4.87571,0,0,0,0,0,3.91134,0,0
95427,Montmagny,2.99097,14.55644,0,17.74873,144.36703,40.48095,0,56.40822,6.47668,3.51578,130.74855,5.49489,0,1.83163,0,18.28678,216.19961,0,38.92832,258.15014,6.32215,0,98.30593,0,0,44.34173,0.91582,0,10.93902,0,222.87115,439.28107,8.75549,43.90444,308.16448,0,0.93918,353.58761,2.54359,17.86144,39.60939,0.91582,3.9702,23.46333,0,663.866,300.49294,0,38.04215,123.49809,0,1.53034,182.15074,0,7.03156,7.35764,0,23.11511,9.28563,0,700.47898,99.37779,0,42.1429,58.53501,0,0,109.80178,0,0,3.45941,0,3.23411,2.76324,0,528.29795,14.20889,3.63559,0.93918,9.76754,0,0,2.54359,0,0,0,0,8.51284,0,0
95428,Montmorency,2.46849,75.14435,0,9.17634,268.14637,115.39638,0,44.15262,5.64095,0,69.52546,60.59106,0,4.2001,0,40.06602,379.9495,0,15.41233,536.14306,0,0,141.41133,0,0,39.4911,4.65751,5.92267,27.21362,0,221.04961,1046.2991,6.022,63.22225,524.22554,0.95094,5.97953,460.3301,1.20379,3.50679,45.33718,0,15.6544,31.5075,6.27523,573.76307,764.87959,0,92.94473,216.10916,0,46.0727,476.66569,3.04663,4.76978,20.88904,0,29.85588,27.5508,0,757.22488,298.02395,0,73.83224,52.72988,0,12.17743,113.39823,0,0,5.84177,0,0,2.50376,0,1081.31336,54.2459,0,53.1145,6.84386,0,0,32.60988,0,0,5.02251,2.22094,27.10412,3.72114,0
95429,Montreuil-sur-Epte,0,0,0,0,0,0,0,0,0,0,0,0,1.02896,0,0,2.05793,0,1.02896,0,0,0,0,0,0,0,0,0,0,0,0,17.34694,0,0,0,1.00819,0,0,0,0,0,0,0,1.99602,0,0,39.28607,0,0,0.98783,0,0,0,0,0,0,0,0,0,0,0,40.87935,0,0,1.99602,0,0,0,0,0,0,0,0,1.99685,0,0,50.56252,0,0,0,0,0,0,0,0,0.96788,0,0,0,0,0
95430,Montsoult,0,8.11957,0,0,13.49133,0,0,9.91016,1.02344,1.79059,2.68588,4.99971,0,0,0,16.62389,25.2583,0,6.45714,52.63296,1.79059,0.95723,69.22759,0.95723,1.79059,5.63264,0,0,0,0,98.18035,42.125,0,13.62612,28.67329,0,0.95723,59.86534,1.09424,2.05147,3.91775,0,6.58529,8.62361,0,194.43635,37.6845,0,14.46906,15.12776,0,1.98067,29.8234,1.09424,0.95723,0,0,9.18176,0.89529,0,348.64448,10.70657,0.95723,5.2683,2.05147,0.95723,4.79249,3.43412,0,0,0,0,7.04512,0.89529,0,382.05028,3.83319,0,4.03642,1.02344,0,0,2.34511,0,0,0,0,8.08691,0.89529,0
95436,Mours,0,0,0,1,3,0,0,0,0,0,1,0,0,0,0,2,7,0,1,28,0,0,0,0,0,3,0,0,1,1,32,4,0,3,26,0,0,1,0,0,2,0,0,4,0,128,0,0,4,2,0,0,1,0,0,0,0,1,1,0,209,0,0,3,0,0,0,0,0,1,0,0,4,0,0,156,0,0,1,0,0,0,0,0,1,0,0,0,0,0
95438,Moussy,0.93103,0,0,0,0,0,0,0,0,0,0,0,0,0.93103,0,0,0,0,0,0.93103,0,0,0,0,0,0,0,0,0,0,0,0,0,0,3.72414,0,0,0,0,0,0,0,0,0,0,2.7931,0,0,1.86207,0.93103,0,0,0,0,0,0,0,0,0,0,11.17241,0,0,0.93103,0,0,0,0,0,0,0,0,0,0,0,14.89655,0,0,1.86207,0,0,0,0,0,0,0,0,0,0,0
95445,Nerville-la-Forêt,1.90795,0,4.42009,0.88016,0.88016,0,0,0,0,1.83127,0,0.95111,0.95111,0,6.75748,11.35697,0,1.76032,2.78239,4.40079,0,0,0,0,0,0,0,1.76032,0,0,21.83049,1.9789,0.88016,7.07116,1.02779,0,0,0,0,0,0,0,4.03448,0,0,46.26201,1.9789,0,2.06176,0.95111,0,0,0,0,0,0,0,2.85334,0,0,58.73266,0,0,3.08955,0.95111,0,0,0,0,0,0,0,3.59159,0,0,80.20717,0,0,0,0,0,0,0,0,0,0,0,2.06176,0,0
95446,Nesles-la-Vallée,0,0,0,1,7,1,0,5,0,0,4,2,0,0,0,19,2,0,5,10,0,0,7,0,2,4,0,1,0,0,52,5,0,18,6,0,2,10,0,2,1,0,1,1,0,121,0,0,13,2,0,4,8,0,0,0,0,3,0,0,186,0,0,7,1,0,4,1,0,1,0,0,2,0,0,268,0,0,3,1,0,1,0,0,0,0,0,0,0,0
95447,Neuilly-en-Vexin,0,0,0,0,2.84705,0,0,0,0,0,0,0,0,0,0,0.94902,0.94902,0,1.89804,11.42679,0,0,0.94902,0,0,0,0,0,0,0,6.77972,0.94902,0,1.93701,1.93661,0,0,0,0,0.96831,0,0,0,0,0,9.66495,0.94902,0,2.96516,0.98799,0,0,0,0,0,0,0,1.95709,0,0,13.69763,0,0,1.99848,0.96831,0,0,0,0,0,0,0,0,0,0,36.52459,0,0,1.97598,0,0,0,0,0,0,0,0,0,0,0
95450,Neuville-sur-Oise,1.03259,0.87918,1.75837,0,29.96584,13.26136,0,2.71117,4.39591,2.63755,104.86263,118.91054,0,0.9528,0.87918,3.66397,3.59035,0,3.91001,15.24059,0.87918,0,0.87918,0,1.83199,35.46179,12.30856,0,0,0.87918,24.53491,2.79095,0,4.69039,11.39135,1.75837,0,0,0,2.71117,3.51673,1.75837,0,0,0,73.56509,1.11905,0,14.92976,6.14919,0,0,0,0,0,0,0,4.77018,1.83199,0,130.37087,1.11905,0,3.81121,0,0,0,0,0,1.11905,0,0,1.90561,0,0,279.07222,0,0,3.10444,0.87918,0,0,0,0,2.07186,0.87918,0,2.93819,0,0
95452,Nointel,0,0.94497,0,0,6.62538,0,0,0,0,0,1.88994,1.00032,0,0,0,6.64656,14.22761,0,3.77988,11.42459,0,0,0,0,0,1.88994,0,0,0.95556,0,18.15815,7.63412,0,0.95556,5.7443,0,0,0,0,0,0,0,0,1.88994,0,60.46086,11.49944,0,5.83034,1.91124,0,0,0,0,0,0,0,0.94497,0,0,86.79919,0,0,1.96539,0,0,0,0,0,0,0,0,0.94497,0,0,104.23968,2.88822,0,0.9771,0,0,0,0,0,0,0,0,0.95556,0,0
95456,Noisy-sur-Oise,0,1,0,0,2,0,0,0,0,0,0,0,0,0,0,5,2,0,0,4,0,0,0,0,0,0,0,0,0,0,19,1,1,3,4,0,0,0,0,0,0,0,0,0,0,57,0,0,2,3,0,0,0,0,0,0,0,0,1,1,54,0,0,1,0,0,0,0,0,0,0,0,1,0,0,67,0,0,1,0,0,0,0,0,0,0,0,0,0,0
95459,Nucourt,0,0,0,0,0,0,0,0,0,0,0,0,0,0,0,3.02439,1.00942,0,1.00942,2.01497,0,0,1.00942,0,1.00942,0,0,0,0,0,9.06542,2.0111,0,1.00942,5.03549,0,1.00554,0,0,0,0,0,0,0,0,62.26328,0,0,4.02218,0.99783,0,0,0,0,0,0,0,2.99735,0,1.00168,74.15329,0,0,6.01786,0,0,0,0,0,0,0,0,3.99905,0,0,88.16056,0,0,1.00554,0,0,0,0,0,0,0,0,0,0,0
95462,Omerville,0,0,0,0,0,0,0,0,0,0,0,0,0,0,0,4,0,0,1,0,0,0,0,0,0,2,0,0,0,0,13,0,0,3,0,0,0,0,0,0,0,0,0,0,0,20,0,0,7,0,0,0,0,0,0,0,0,3,0,0,38,0,0,1,0,0,0,0,0,0,0,0,0,0,0,40,0,0,2,0,0,0,0,0,0,0,0,1,0,0
95476,Osny,0,2.88764,0,0,76.68981,2.97207,0,17.9714,0,0,17.33226,2.63606,0,0,0,26.81002,146.01719,0,14.88345,445.3889,1.98813,0,64.38837,2.62111,3.94101,61.8082,3.63013,2.91737,0,0,233.45844,187.79809,2.91737,26.06192,204.48284,0,0,428.64951,3.22209,4.28256,19.73796,1.00002,3.24046,10.93837,0,899.633,160.6843,0,26.82138,61.60175,0,0,374.18414,2.83998,0,11.1796,0,13.04112,7.46253,0,1138.2494,34.60839,0,28.35627,20.53787,0,0,134.0433,0,6.43044,0,0,13.13576,30.84356,0,1368.40822,3.24046,0,5.97694,0,0,0,17.17209,0,8.71568,2.6092,0,8.95708,2.57064,0
95480,Parmain,2.14145,2.17674,1.05308,2.10616,19.41421,2.17674,0,9.76004,0,2.17674,4.31819,2.17674,0,1.08837,0,20.46844,35.66918,0,3.09539,39.50914,0,0,12.92268,0,1.08837,2.14145,0,0,1.08837,1.05308,112.26408,45.82095,0,10.57065,34.03183,0,2.07202,28.10079,0,1.08837,0,1.08837,7.41358,3.22982,0,414.8368,20.83279,0,39.49112,4.04383,0,41.06419,14.96472,1.05308,2.10731,0,0,9.24652,1.08837,1.08837,532.90341,1.01894,0,25.34111,1.08837,0,40.47969,0,0,2.03898,0,0,7.24175,0,0,593.51097,2.00484,0,25.3005,2.17674,0,0,0,0,0,0,0,3.22982,1.01894,0.9859
95483,Le Perchay,0,0,0,0,0,0,0,0,0,0,0,0,0,0,0,1,0,0,0,0,0,0,8,0,0,0,0,0,0,0,7,1,0,2,1,0,6,6,0,0,0,0,1,0,0,21,0,0,1,0,0,8,1,0,0,0,0,1,0,0,54,0,0,1,0,0,7,0,0,0,0,0,0,0,0,70,0,0,1,0,0,0,0,0,0,1,0,1,0,0
95487,Persan,0,14.75625,0,3.3594,156.87541,3.3594,9.41945,48.23752,0,0,12.19604,5.99993,0,3.3594,0,12.07507,249.35955,0,4.17779,448.70434,0,2.86151,290.22723,4.76707,0,26.66406,15.78186,0,14.15235,0,169.73358,207.41401,4.04664,28.78512,268.85471,2.86151,21.36871,705.48069,4.53696,0,25.96074,4.99994,6.25906,17.26521,0,487.58512,51.40204,0.94622,33.18227,67.83358,0,42.03308,588.28342,0,0,6.42115,0,15.8305,25.70074,0,508.77666,9.57457,0,13.48976,8.52825,0,40.77248,178.21497,0,0,8.48643,0,3.00019,11.88111,0,333.52183,0,0,3.51152,2.03653,0,6.8781,62.30772,0,0,8.49741,0,10.27803,3.05479,0
95488,Pierrelaye,1.91006,18.78292,3.83701,3.74963,114.96222,12.07332,0,41.931,4.64359,0,9.40835,14.00058,0,0,70.52279,38.51176,135.51359,0,21.72794,287.62152,0.92872,0,115.69223,2.87419,0.94594,26.29875,1.92876,1.90941,3.78407,0,162.333,130.88087,7.83452,51.47786,211.14025,15.2958,17.2065,263.37295,5.01622,4.7836,5.74675,0,9.53244,3.80291,47.97385,411.32064,45.81778,1.01807,31.61126,36.29068,17.67153,56.41484,264.581,5.01757,4.90969,3.89094,0,7.58568,7.7455,2.05502,487.65994,12.47549,0.98134,16.33072,7.72763,8.83208,22.64386,34.14751,2.83781,1.94482,0,0,5.69413,0,28.45892,435.97688,11.38729,0,7.67501,4.69557,0,2.01829,7.90699,0,4.74723,0,0,12.42224,1.89188,0
95489,Piscop,1,0,0,0,1,0,0,0,0,0,0,6,2,0,0,4,0,0,2,5,0,0,0,0,1,0,0,1,0,0,14,5,0,4,4,0,0,0,0,0,0,0,1,0,0,45,0,0,4,3,0,1,0,0,0,0,0,4,0,0,67,0,0,5,0,0,4,0,0,0,0,0,4,0,0,87,0,0,1,0,0,0,0,0,0,0,0,1,0,0
95491,Le Plessis-Bouchard,0,23.72098,0,2.06308,47.41562,1.02715,1.03154,19.59922,4.11739,0,13.4056,0,0,1.03154,0,15.42043,104.08001,0,8.22162,137.86211,1.02715,0,65.85189,0,3.07707,9.25755,0,1.02715,4.12176,0,159.08668,438.90665,0,11.29427,136.40191,1.03154,4.08678,91.08486,1.01842,4.09991,8.17798,0,6.17605,12.35213,2.06308,439.72761,364.3826,0,25.54354,61.39357,0,47.91436,21.38286,0,1.02277,1.01842,0,9.20948,7.20761,1.02715,552.72073,59.42213,0,16.32971,2.05429,0,8.16927,0,0,1.03154,2.04555,0,0,1.02277,0,536.96387,5.10957,0,10.22362,2.03684,0,1.01842,0,0,0,0,0,2.06308,0,0
95492,Le Plessis-Gassot,0,0,0,0,1.05155,0,0,0,0,0,0,0,0,0,0,0,0,0,0,10.51546,0,0,0,0,0,0,0,0,0,0,1.05155,1.05155,0,4.20619,2.10309,0,0,0,0,0,0,0,0,0,0,6.30928,0,0,1.05155,2.10309,0,0,0,0,0,1.05155,0,0,0,0,5.25773,0,0,0,0,0,0,0,0,0,0,0,0,0,0,6.30928,0,0,1.05155,0,0,0,0,0,0,0,0,0,0,0
95493,Le Plessis-Luzarches,0,0,0,0.92683,0,0,0,0,0,0,0,0,0,0,0,2.78049,0,0,0,1.85366,0,0,0,0,0,0.92683,0,0.92683,0,0,5.56098,0,0,2.78049,0.92683,0,0,0,0,0,0,0,0,0,0,22.2439,0,0,0,1.85366,0,0,0,0,0,0,0,0,0,0,11.12195,0,0,0,0,0,0,0,0,0,0.92683,0,0,0,0,14.82927,0,0,0,0,0.92683,0,0,0,0,0,0,0.92683,0,0
95500,Pontoise,0,50.71114,0,12.54455,697.12738,298.52205,0,146.63347,63.74197,7.49102,417.44419,177.53501,0,34.91,25.86983,24.41479,507.52379,0,18.15883,933.84728,2.7216,0,486.83964,6.5143,7.56624,267.32839,36.70927,0,65.80888,14.02285,295.50092,984.95439,0,30.68807,937.53058,0,18.59262,1352.72125,12.92154,3.15261,113.87775,10.99125,10.54562,121.9409,0,668.2899,656.77177,0,45.63582,334.85733,3.54851,45.01506,1008.6121,0,1.08102,53.96912,5.1062,26.95465,228.43939,0,678.96365,202.62342,0,31.78443,93.55895,0,19.68853,229.707,0.98065,4.34692,26.52774,2.73574,8.35235,170.25324,0,912.74177,50.91179,0,32.30441,29.76133,0,6.6701,48.73005,0,2.85989,8.42489,19.19404,17.03289,57.93741,3.51748
95504,Presles,5,5,0,2,10,0,0,0,0,0,4,0,0,0,0,22,25,0,9,26,1,0,1,0,3,10,0,3,5,0,161,13,0,29,21,0,0,2,0,0,3,0,14,3,0,338,10,0,17,8,0,0,0,0,2,1,0,1,0,0,371,5,0,10,0,0,0,0,0,1,0,0,2,0,0,438,2,0,4,0,0,0,0,0,0,0,0,7,0,0
95509,Puiseux-en-France,0,9.57223,0,3.18707,34.0156,0,0,0,0,0,5.32097,0,0,1.06419,0,8.497,26.57187,0,8.49709,54.1417,2.11738,0,0,0,0,2.10649,0,0,1.06419,0,80.40026,19.07288,0,11.59079,38.01956,0,0,3.18155,0,0,1.06419,0,3.18158,3.17606,0,357.75715,6.29743,0,31.50386,9.45154,0,2.09557,0,0,0,0,0,2.12287,0,0,366.80874,0,0,15.78233,2.08462,0,1.05868,0,0,0,0,0,6.2812,0,0,282.9,0,0,7.34002,0,0,0,0,0,0,0,0,3.17054,0,0
95510,Puiseux-Pontoise,0,0,0,0,0,0,0,0,0,0,0,0,0,1,0,1,10,0,0,7,0,0,6,0,0,0,0,0,0,0,3,8,0,1,9,0,0,3,0,0,1,0,1,0,0,37,6,0,1,1,0,0,0,0,0,0,0,1,0,0,43,0,0,2,1,0,0,0,0,0,0,0,2,0,0,56,0,0,0,0,0,0,0,0,0,0,0,0,0,0
95523,La Roche-Guyon,2,0,0,1,6,0,0,0,0,0,0,0,1,0,0,0,4,0,1,21,0,0,0,0,0,0,0,0,0,0,19,3,0,1,6,0,0,1,0,0,1,0,1,0,0,26,0,0,0,2,0,0,0,0,0,1,0,1,0,0,31,1,0,4,2,0,0,0,0,0,0,0,5,1,0,35,1,0,1,0,0,0,0,0,0,0,0,3,0,0
95527,Roissy-en-France,0,9.06968,1.00838,3.00795,63.46482,9.07542,0,11.09218,6.05028,0,38.30696,96.76727,2.01676,66.55309,1.00838,3.00795,44.3056,0,6.0388,116.55368,0,0,34.10222,0,0,16.0825,2.00825,0,9.05255,0,15.05125,42.14581,0,7.01282,62.06194,0,3.97662,47.96804,0,1.00838,2.99088,1.00838,4.01633,25.11209,0,73.034,26.06334,0,13.94633,17.96824,2.00531,38.8993,19.86604,0,2.00528,3.99917,0,6.97879,34.0389,1.00264,103.86603,4.01639,0,16.89767,1.99957,0,30.88348,6.02735,0,0,0,0,6.97873,18.87372,0,71.7361,0,0,8.93891,1.00264,0.98561,4.97916,0,0,3.97091,0,1.00838,3.96504,7.94715,0
95529,Ronquerolles,0,0,0,0,3.07949,0,0,0,0,0,0,0,0,0,0,2.04603,2.053,2.04258,0,9.235,0,0,0,0,0,3.07949,0,0,0,0,25.55475,1.0265,0,2.04951,4.08172,0,0,0,0,0,0,0,4.09555,0,0,75.63064,1.02301,1.01608,6.12423,1.01608,0,0,0,0,0,0,0,1.02301,0,0,94.9224,0,0,1.02301,0,0,0,0,0,1.02301,0,0,3.07254,0,0,111.17277,1.02301,0,1.01954,0,0,0,0,0,0,0,0,3.0656,1.01954,0
95535,Sagy,0,0,0,2.00349,7.11072,0,0,0,0,0,2.03163,0,0,1.01582,1.01582,3.01904,3.04745,0,0,4.04433,0,0,0,0,0,2.03163,0,0,2.03163,0,26.15634,4.03495,0,2.01269,6.01028,0,0,0,0,0,1.01582,0,4.02556,0,0,67.28758,2.99116,0,11.01457,2.02216,0,0,0,0,1.00635,0.99696,0,0.98767,0,0,114.2226,0,0,8.99154,0,0,0,0,0,0,0,0,0,0,0.98767,160.86957,0,0,2.9816,0,0,0,0,0,0,0,0,3.00036,2.01269,0
95539,Saint-Brice-sous-Forêt,7.12486,22.49941,0,5.49888,91.77954,4.19755,0,57.67208,1.04939,0,7.91723,65.64259,0,0,1,26.09098,285.0881,2.95769,10.35058,422.49145,3.60133,2.79669,177.47565,0,0,50.75255,1,0,16.75899,0,71.06504,420.8019,0,12.09735,313.65036,0,13.35197,350.82723,0,0,30.90365,0,8.08695,16.35123,2.67222,642.37688,371.32095,0,19.93251,85.81916,0,21.72775,329.45107,2.67278,6.03774,4.40529,0,21.75489,14.42108,0,758.73792,108.59034,0,33.40044,16.20071,0,2.79669,33.31653,0,2.8956,0,0,11.19729,0,0,681.0656,26.53315,0,6.37761,0,0,0,14.36007,0,2.4097,0,0,6.45332,2.67222,0
95541,Saint-Clair-sur-Epte,1.01372,2.02745,0,0,6.23789,0,0,2.0793,0,0,1.03965,1.03965,0,0,0,3.11895,3.0671,0,4.1586,15.36141,1.03965,0.98844,8.18756,0,1.03965,1.01372,0,0,1.03965,0,18.35586,5.14639,1.03965,4.03154,13.1797,0,2.00345,3.04117,0,0,0,0,1.03965,4.1586,0,56.0329,3.09302,0,4.87014,9.17536,0,13.96843,2.96721,0,0.98844,1.01372,0,0.9638,0,0,59.86709,0,0,1.97752,0,0,10.53936,0,0,0.91633,0,0,2.05337,0,0,79.70993,0,0,3.93101,0,0,8.34421,0.9638,0,0,0,0,1.03965,0,0
95543,Saint-Cyr-en-Arthies,0,0,0,0,0,0,0,0,0,0,0,0,0,0,0,2.8493,0,0,0,0,0,0,1.89953,0,0.94977,0,0,0,0,0,6.77559,0,0,0.94977,0.97508,0,0,0,0,0,0,0,0.94977,0,0,18.55856,0,0,2.90059,1.00106,0,0,1.97614,0,0,0,0,0,0,0,20.0324,0,0,1.02774,0,0,0,0,0,0,0,0,0,0,0,35.59127,0,0,1.08325,0,0,0,0,0,0,0,0,0.94977,0,0
95554,Saint-Gervais,0,0,0,0,2.02937,0,0,0,0,0,0,0,0,0,0,7.09789,0,0,3.04406,0,0,0,0,0,0,0,0,1.01469,0,0,30.38987,0,0,8.10603,1.01469,0,2.02773,0,0,1.01469,0,0,1.01141,0,0,78.98027,0,0,4.04567,0,0,2.02773,0,0,1.00978,0,0,0,0,0,92.14008,0,0,7.0799,0,0,1.01305,0,0,0,0,0,2.0261,0,0,122.46294,0,0,5.05054,0,0,0,0,0,0,0,0,0,0,0
95555,Saint-Gratien,0,86.73458,1.65897,7.33807,348.25396,21.9815,0,91.20994,0.84904,0,62.01188,308.53032,0,7.95324,1.69809,12.68998,392.36622,0,18.7763,448.79738,3.19338,2.12619,376.49267,0,0,65.56239,5.48948,2.68565,18.94112,0,202.78383,1123.77936,1.45695,35.08094,491.33533,4.78064,2.68565,726.4348,3.96076,0,45.45489,0,6.0742,54.36429,0,487.49284,876.33521,0,33.66025,190.03575,0,3.2272,679.46715,8.18735,6.85869,19.15512,1.04665,6.02034,24.12279,0,509.38358,406.50806,3.31794,7.94254,22.42652,0,0,93.93117,3.45079,5.75414,11.55041,0,6.50021,19.52346,0,597.00965,38.04012,0,15.33705,4.58137,0,3.72028,41.08502,0,3.60736,0.84904,1.04665,11.22182,0,0
95563,Saint-Leu-la-Forêt,5.28417,36.37556,0,0,158.09135,16.4238,0,19.44057,0,0,53.47034,2.84625,0,6.97952,0,54.18762,155.56545,0,21.97928,366.83995,2.92813,0,144.98816,0,5.89971,39.91924,0,0,20.69913,0,340.53677,446.4264,3.27655,28.02625,289.55629,0,0,281.20397,0,3.37115,18.59258,0,17.10623,27.09755,0,831.87139,424.81901,0,23.65266,62.56821,0,2.58706,162.96713,0,2.94986,8.06711,0,11.80748,8.94557,0,1087.82555,61.45779,0,12.72934,7.38108,0,0.9324,25.18453,0,0,4.31753,0,13.41308,0,0,1420.0106,0,0,40.62095,14.05524,0,0,2.91712,0,1.39121,0,0,20.04114,0,0
95566,Saint-Martin-du-Tertre,1.00126,2.00251,0,2.01241,6.02735,1.00126,0,6.0224,0,0,0,0,0,0,0,9.02122,4.00997,0,7.0286,28.14421,0,4.01994,19.03878,0,0,0,0,0,0,0,53.35447,7.04347,0,8.06953,23.15292,0,9.046,52.34313,0,2.03236,2.00746,0,2.00251,1.0062,0,180.62492,6.0522,0,11.14324,6.03227,1.02119,23.37238,36.44898,2.00251,0,0,0,1.01117,2.01738,0,244.44004,1.00126,0,10.11688,0,0,15.22278,16.20398,0,1.00126,0,0,0,0,0,160.8753,1.0062,0,2.00746,1.0062,0,2.01738,3.01868,0,0,0,0,3.01366,0,0
95572,Saint-Ouen-l'Aumône,4.29211,49.83916,0,15.35631,317.09284,10.15336,4.62266,72.07101,16.01931,7.54474,284.29856,138.00209,0,0,0,38.49696,524.97231,0,18.22375,610.26232,4.02617,1.02613,567.80032,3.21979,16.95937,99.53789,14.41639,0,19.97118,0,315.86775,872.25131,4.1211,75.72059,591.86111,0,14.9217,956.99974,3.58442,11.58132,92.58626,11.00017,16.73654,51.28491,0,789.44215,586.17071,2.96495,64.33951,186.55044,0.99608,50.55626,725.36449,0,6.79416,20.37061,0.85118,6.3726,43.54809,0,884.39533,201.01476,0,48.52264,31.63611,0,9.03066,180.42398,0,4.05404,15.57867,0,10.65262,14.24549,0,610.27551,40.14263,0,19.47699,13.69573,0,1.75654,25.44914,0,20.82922,1.70235,1.00002,0,0,0
95574,Saint-Prix,6.0548,2.01921,0,2.01072,29.24454,0,0,31.27231,0,2.01921,2.01921,1.00394,1.00961,0,0,23.17556,46.40784,0,14.1061,74.63141,1.00961,0,84.67085,0,3.02315,7.06157,0,1.00961,0,0,153.98528,53.42117,0,24.14558,47.29835,0,1.00961,133.81577,1.00961,3.01747,3.02314,0,13.09085,7.04179,0,378.06804,40.25957,0,18.06537,13.0654,0,0,113.34722,0,0.9983,1.00111,0,3.01466,3.01466,1.00677,562.75126,13.0682,0,13.02308,2.00505,0,2.00787,34.10881,0,1.00111,1.00677,0,4.0186,0,0,867.55994,9.0355,0,13.0739,1.00961,0,0,8.00336,0,1.99384,0,0,14.06372,0,0
95580,Saint-Witz,0,0.89593,0,0,4.43739,0,0,0.89593,0,0,0,0,0,0.89593,0.89593,0.89593,13.35468,0,1.7777,17.89035,0,0,16.98025,0,0,6.18809,0,0,0,0,16.74252,10.6806,0.86782,6.21487,14.01289,0,0,40.13409,0,0.89593,2.65947,0,0.89593,2.6878,0,107.29413,11.56259,0,11.14579,7.02735,0,0,16.13573,0,2.5623,0.8273,0,4.34109,0.88177,0,176.61261,1.7777,0,9.45152,1.72192,0,0,0,0,1.70842,0,0,1.73587,0.86782,0,492.20225,0,0,8.65276,0,0,0.88177,0,0,4.40928,0,0,6.9158,0.88177,0
95582,Sannois,9.30549,114.93592,0,3.37645,337.3932,7.92007,0,221.18201,11.79874,0,161.39952,26.00038,0,16.33614,0,37.00462,527.20993,0.97724,32.0817,756.61075,5.61559,0,663.5076,0.99499,0,113.65824,6.96998,3.18706,16.50797,0,423.17202,1120.85168,0,33.65493,502.69291,0,2.70603,1158.05523,6.66202,3.33717,54.39574,0,6.37043,46.91039,0,958.76559,780.91298,0,31.33867,118.19988,0,6.62035,684.03756,0,3.33717,22.23739,1.00001,15.476,29.16601,0,967.81528,206.89079,0,21.4951,33.13878,0,3.40641,193.63471,3.22432,3.32561,12.45385,0,5.47673,7.52651,0,831.23599,46.60284,0,11.75749,4.59293,0,3.34142,7.69701,0,0,0,0,16.46343,0,0
95584,Santeuil,0,0,0,0,1,1,0,0,0,0,0,0,0,0,0,2,2,0,1,4,0,0,0,0,0,1,0,0,1,1,9,3,0,6,2,0,0,0,0,1,0,0,0,0,0,40,1,0,6,0,0,0,0,0,0,1,1,1,0,0,69,0,0,3,1,0,0,0,0,0,0,0,1,0,0,100,0,0,0,1,0,0,0,0,0,0,0,1,0,0
95585,Sarcelles,3.26027,18.55684,5.65695,4.98162,279.04724,22.57399,0,228.67422,15.94655,3.51917,192.86691,98.89884,0,1.98222,3.06473,28.53577,288.92572,0.72239,43.18266,428.73833,0,5.44216,980.35963,16.90957,10.67043,80.18325,9.27557,3.86069,18.96636,0,296.47978,876.80241,3.03766,72.71269,1002.98981,3.15314,21.37253,4769.76185,55.86675,3.51917,139.15491,4.62301,6.39549,77.69503,1.06889,860.34186,1020.5118,0,53.22314,727.05518,0.98222,77.21168,3599.08325,22.69858,12.97091,117.49007,9.91374,26.93365,50.24959,0,772.64104,578.16916,0,21.98135,206.54065,0,88.571,666.05174,0.63247,3.31391,25.71469,3.0967,20.85329,39.33132,0,751.1425,180.23112,0,26.50729,46.4761,0,16.44263,105.06209,7.4343,0,20.91353,1.06889,19.56417,7.03833,0
95592,Seraincourt,0,0,0,0,1.83718,0,0,0,0,0,0,0,0,0,0,5.63712,6.51386,0,4.67667,15.78349,0,0,0.96045,0,0,4.7662,0,0,0.91859,0,33.4334,6.59948,0,9.61212,18.92171,0,0,0.91859,0,0,1.04997,0,1.00421,1.87904,0,61.02183,4.80606,0,13.76689,2.92702,0,0,0,0,0,0,0,2.10203,0,0,136.25631,0.96045,0,1.92281,0,0,0,0,0,0,1.04997,0,2.1606,0,0,192.97746,0,0,4.76039,0,0,0,0,0,0,0,0,0.96045,0,0
95594,Seugy,1.04166,1.04166,0,0,10.38009,0,0,0,0,0,1.04166,0,0,0,0,6.23171,8.33331,0,10.36182,30.99473,0,0,0,0,0,0,0,3.08844,0,0,45.96725,4.16666,0,12.15723,11.27716,0,0,1.04166,0,0,1.04166,0,1.02339,0,0,88.40507,1.00544,0,5.13555,2.01087,0,0,0,0,0,0,0,0,0,0,107.08057,0,0,4.00505,0,0,0,0,0,0,0,0,0,0,0,85.51996,0,0,1.00544,1.02339,0,0,0,0,0,0,0,1.04166,0,0
95598,Soisy-sous-Montmorency,0,85.94757,0,14.59981,238.08717,46.90692,0,19.80319,2.10114,0,40.71764,0,0,17.39755,0,32.62664,242.99621,0,13.25988,333.45864,4.90464,0,176.40929,0,2.86099,47.8713,0,6.80018,26.29111,0,237.95529,697.50978,2.74412,23.51762,364.89527,0,2.63999,580.74914,5.51496,3.56361,28.91372,0,3.91732,32.07274,1.05057,683.11916,483.47629,0,28.93592,155.36981,0,0,364.04759,0,0,4.34963,0,8.51097,43.28524,0,812.14565,160.96015,0,45.15408,26.10645,0,1.10581,70.72619,0,0,2.66228,0,6.47231,3.97611,0,1141.05519,12.42561,0,18.96256,3.59972,0,0,13.60128,0,2.92289,0,0,10.56274,0,0
95604,Survilliers,1,4,0,1,20,0,0,20,1,0,6,0,0,1,0,15,55,0,4,113,0,0,50,1,2,6,0,0,3,0,77,165,1,18,88,0,1,104,1,1,7,0,2,6,0,191,107,0,13,32,0,12,94,1,1,2,0,3,0,1,183,67,0,4,7,0,4,40,0,0,3,0,1,1,0,125,8,0,3,1,0,0,7,0,0,0,0,1,0,0
95607,Taverny,3.09673,30.00365,2.96185,5.54012,172.19441,46.17469,0,97.99974,2.06298,0,38.98431,54.43055,0,14.99505,2.96661,57.31934,300.98192,0,21.39722,342.47258,2.90945,2.96087,271.18262,0,2.97566,50.33425,8.89984,10.73974,7.27872,0,461.697,847.53732,0,35.93595,378.21422,0,13.59501,823.71843,8.92646,3.10482,52.39161,2.96661,12.00947,27.95334,0,1329.93948,835.40055,0,66.67736,226.32327,0,53.8063,596.45463,0,8.31397,32.47059,0,22.95462,35.00156,0,1477.34587,249.13972,0,40.02157,35.90555,0,43.27786,174.52255,0,4.09673,14.24136,0,14.99354,8.81225,0,1232.19113,13.45269,0,38.17498,12.11448,0,8.60747,28.68515,0,0,2.94106,0,22.18255,0,0
95610,Théméricourt,0,0,0,1,1,0,0,0,0,0,0,0,0,0,0,1,0,0,2,2,0,0,0,0,0,0,0,0,0,0,4,0,0,3,1,0,0,1,0,0,1,0,1,0,0,16,0,0,2,0,0,0,0,0,0,0,0,2,0,0,23,0,0,0,0,0,0,0,0,0,0,0,0,0,0,53,0,0,0,0,0,0,0,0,0,0,0,1,0,0
95611,Theuville,0,0,0,0,0,0,0,0,0,0,0,0,0,0,0,0,0,0,3,2,0,0,0,0,0,0,0,1,0,0,0,0,0,3,0,0,0,0,0,0,0,0,1,0,0,0,0,0,1,0,0,0,0,0,0,0,0,0,0,0,0,0,0,1,1,0,0,0,0,0,1,0,0,0,0,0,0,0,3,0,0,0,0,0,0,0,0,1,0,0
95612,Le Thillay,1,2,1,3,49,7,0,8,4,0,2,10,1,0,0,29,20,4,10,85,2,0,29,9,1,10,2,1,0,0,112,52,0,22,62,1,0,15,2,3,0,0,7,1,0,320,38,2,30,25,4,0,16,1,0,6,1,9,3,0,321,3,0,15,3,0,0,8,0,3,2,0,2,0,0,312,2,0,13,0,0,0,3,0,3,0,0,2,0,0
95625,Us,0,0,0,1.90875,0.95438,0.95438,0,0,0,0,3.84202,1.90875,0,0,0,7.70856,5.75078,0.95438,1.90875,7.70856,0.95438,0,0,0,2.91216,1.90875,0,0.95438,0.95438,0,38.03989,5.84947,0,6.02679,11.87688,0,0,0,0,3.81751,0,0,0,0.97889,0,79.02539,1.93327,0,9.09513,3.94262,0,0,0,0,0.97889,0,0,2.00807,0,0,112.86041,1.9842,0,7.13537,2.96503,0,0,0,0,2.03517,0,0,3.01403,0,0,174.83232,0,0,6.08241,0,0,0,0,0,0.95438,0,0,2.93731,0,0
95627,Vallangoujard,0,0,0,0,0,1,0,0,0,0,0,4,0,0,0,5,3,0,2,1,0,0,0,0,0,0,0,1,0,0,15,4,0,2,6,0,0,0,0,1,0,0,0,0,0,45,1,0,7,1,0,0,0,0,0,0,0,1,0,0,57,0,0,4,1,2,0,0,0,0,0,0,0,0,0,86,0,0,0,0,0,0,0,0,0,0,0,2,0,0
95628,Valmondois,1.04609,4.18436,2.09218,0,10.21526,0,0,0,0,0,0,1.00002,0,0,0,13.44156,23.77733,0,0,15.38272,0,0,1.04609,0,0,0,0,0,0,0,38.38887,10.1791,0,7.16597,9.07278,0,0,0,0,0,2.09218,0,1.04609,0,0,87.66762,2.02913,0,7.04457,3.10675,0.95434,0,2.98443,0,0.95434,1.04609,0,2.00043,0,0,116.38931,0.98399,0,7.01304,1.01457,0,0.98399,0,0,0,0,0,5.10626,0,0,149.98347,1.04609,0,3.88117,0,0,0,0,0,0,0,0,4.06386,0,0
95633,Vaudherland,0,0,0,0,0,0,0,0,0,0,0,0,0,0,0,0,0,0,0.98113,2.9434,0,0,0,0,1.96226,0.98113,0,0,0,0,4.90566,0.98113,0,0,0,1.96226,0,0,0,0,0,0,0,0,0,6.86792,1.96226,0.98113,0.98113,1.96226,0,0,0,0,0,0,0,0,0,0,7.84906,0,0,0.98113,0,0,0,0,0,0,0,0,0,0,0,5.88679,0,0,0.98113,0,0,0,0,0,0,0,0,0,0,0
95637,Vauréal,2.7449,23.70716,0,0,50.19698,6.42923,0,53.06266,0,2.7449,0,0,0,0,0,12.20817,208.62522,0,3.28481,389.84267,1.04069,3.00349,236.76632,0,0,43.14557,0,0,8.00332,0,139.80028,281.62239,0,20.62088,221.02873,0,49.72973,291.56635,2.50982,5.94547,26.06458,0,0,11.84795,0,881.00006,110.41384,0,43.32198,33.54849,0,138.05233,137.53669,0,2.48394,0,0,18.50321,2.53124,0,1269.4848,15.88753,2.58132,30.75278,1.04069,0,86.13226,42.66501,0,0,0,0,20.65812,0,0,1088.00163,0,0,24.05422,0,0,23.02309,6.39712,0,6.33152,2.69707,0,8.57336,2.50982,0
95641,Vémars,2,2,0,1,21,2,0,23,0,0,1,0,0,0,0,9,75,0,6,71,0,2,87,0,0,4,0,0,1,0,38,57,0,6,67,0,5,65,1,0,7,0,1,3,0,152,3,0,14,11,0,19,28,0,1,0,0,11,34,0,233,1,0,3,2,0,13,10,1,0,0,0,10,9,0,163,0,0,8,1,0,12,2,0,2,0,0,3,4,0
95651,Vétheuil,0.94441,1.00517,0,0.94441,17.94377,0,0,0,0,0,0.94441,0,0.94441,0,0,1.88882,2.01033,0,3.83839,19.07045,0,0,0.94441,0,0.94441,2.01033,0,0,0,0,36.2508,1.06983,0,11.96027,9.62636,0,1.06983,0.94441,0,0,0,0,0.94441,0,0,52.87387,0.94441,0,7.23823,6.23306,0,2.95474,1.88882,0,1.88882,0,0,2.83323,0,0,92.38949,1.00517,0,1.06983,0,0,0,0,0,0.94441,0,0,0,0,0,123.59017,0,0,1.94957,0,0,0,0,0,1.00517,0,0,2.95474,0,0
95652,Viarmes,2.01484,6.03598,3.02369,6.0374,47.29463,14.08537,0,9.05397,8.04939,0,12.07195,2.01176,0,0,2.01769,43.30338,26.15732,6.04881,22.1547,101.66396,1.006,0,11.07593,0,3.02084,11.07307,0,1.01027,1.006,0,172.30446,35.24402,4.03253,35.26825,70.53504,0,5.03995,34.25227,0,2.01342,0,0,9.05966,7.05479,0,369.93687,16.123,1.01027,29.25508,17.13755,0,19.17091,12.0862,0,3.02511,2.0177,0,9.07105,1.01027,2.01769,432.6378,8.06648,0,17.15753,2.01769,0,9.09961,0,0,2.01627,1.00742,0,3.02369,0,0,597.06524,2.02054,2.01912,6.05593,1.01027,0,3.02369,1.01027,0,0,0,0,3.02083,0,0
95656,Vienne-en-Arthies,1.07702,0,0,0.97565,0,0,0,0,0,0,1.07702,0,0,0,1.07702,5.28374,0,0,0.97565,4.10535,0,0,0,0,0,0,0,1.07702,0,0,12.04918,0,0,4.87824,5.09054,0,0,0,0,0,0,0,0,0,0,29.63001,0,0,2.93649,0,0,0,0,0,0,0,0,0,0,0,41.62119,0.88382,0,0.88382,0,0,0,0,0,0,0,0,2.05267,0,0,61.78086,0,0,0,0,0,0,0,0,0,0,0,1.9513,0,0
95658,Vigny,0,1.02422,0,0,4.08756,0,0,0,0,0,0,0,0,1.02422,1.02422,3.07267,0,0,0,13.25897,0,0,1.02422,0,0,3.07267,0,0,1.00563,0,16.26654,1.02422,0,5.08394,12.10547,0,2.03911,7.08613,0,1.02422,0,0,0,3.054,0,61.63299,0,0,8.09168,7.16023,0,1.99293,1.01489,0,0,0,0,3.04475,1.01489,0,74.56098,0,1.00563,8.04567,0,0,0.99647,1.00563,0,0,0,1.01489,10.07528,1.01489,0,191.47841,0,0,1.01489,0,0,0,0,0,0,0,0,0,0,0
95660,Villaines-sous-Bois,0,0,0,0,1.01559,0,0,0,0,0,0,0,0,0,0,2.03119,11.17152,0,2.02357,9.13272,0,0,0,0,0,2.03119,0,0,0,0,11.05768,11.06524,0,7.0031,2.01595,0,0,0,0,0,2.01595,0,1.00798,3.04678,0,31.13482,0,0,1.01559,0,0,0,0,0,0,0,0,0,0,0,79.21747,0,0,1.9785,0,0,0,0,0,0,0,0,0,0,0,124.12584,0,0,0,0,0,0,0,0,1.00798,0,0,0,0,0
95675,Villeron,0,0.91383,0,0,11.94342,0,0,17.44113,0.91872,0,2.75617,0,0,0,0,0.91872,56.87299,0,2.74158,46.7621,0,0,27.48363,0,0,2.75617,0,0,0,0,10.95633,55.77857,0,6.38238,23.71625,0.91872,1.81794,16.40552,0,0.91383,3.67001,0,0,3.66025,0,89.90821,18.28657,0,7.26226,6.40178,0,26.17751,3.6069,0,0.88977,0.91872,0,2.7415,0,0,97.85232,3.64563,0,8.15684,0,0,0.91383,0,0,0,0,0,0,0,0,107.96236,0.91383,0.90897,1.8035,0,0,0.88977,1.82767,0,0,0,0,0.89932,0,0
95676,Villers-en-Arthies,0.94534,0,0,0,1.89068,0.94534,0,0,0,0,0,0,0,0,0,3.78101,0,0,0.94534,3.78136,0,0,0,0,0,0,0,1.89068,0,0,17.95882,0,0,1.8905,3.78101,0,0,0,0,0,0,0,0.94516,0,0,28.35369,0.94499,0,2.83549,0.94481,0,0,0,0,0,0,0,0.94534,0,0,49.1443,0,0,2.83602,0.94463,0,0,0,0,0,0,0,1.89033,0,0,78.43838,0,0,2.83408,0.94463,0,0,0,0,0,0,0,0.94534,0,0
95678,Villiers-Adam,0,0,0,1.00836,2.0201,0,0,0,0,2.01671,0,0,0,0,1.01174,8.07024,1.00836,0,1.01005,5.04517,0,0,0,0,0,3.02507,0,1.01005,0,2.0201,22.22279,3.02846,0,7.06865,1.01005,0,0,0,0,0,1.01005,0,2.0201,0,1.01344,50.51434,0,0,1.01005,0,0,0,0,0,1.01174,1.01174,0,2.01671,0,1.01684,88.97757,1.01344,0,1.00836,0,0,0,0,0,0,0,0,1.00836,0,0,133.49771,0,0,2.02518,0,0,0,0,0,0,0,0,1.01005,0,0
95680,Villiers-le-Bel,8.38006,26.33705,0,33.35193,161.55825,5.72167,0,152.95564,6.3451,0,28.90419,37.82986,0,2.18411,0,16.75118,194.92045,3.07568,33.01403,457.88702,9.03697,3.08249,1115.39603,7.85827,3.08249,26.89691,12.0001,2.59552,12.16859,0,181.06397,471.42991,3.30323,53.29588,526.13895,2.19359,13.07069,2131.9593,22.22196,0,96.59026,6.00005,7.5268,42.83192,0,586.73046,379.60664,2.82958,45.51816,243.24046,2.98645,71.95051,1232.07139,1.22174,6.17457,27.22467,1.00001,11.09776,44.32738,0,462.65478,150.80326,2.54529,18.29438,51.0546,6.2267,2.48044,348.94748,0,5.39113,6.43605,0,0,23.2829,0,363.11429,22.20837,2.54529,20.31741,10.54743,0,2.59552,87.5255,0,4.99645,3.38288,9.36727,8.52305,5.3873,0
95682,Villiers-le-Sec,0,0,0,0,0,0,0,0,0,0,0,0,0,0,0,0,0.93182,0,0,1.86364,0,0,0,0,0,0,0,0,0,0,6.52273,0.93182,0,0,2.79545,0,0,0,0,0,0.93182,0,0,0,0,13.04545,0,0,0.93182,0,0,0,0,0,0,0,0,1.86364,0.93182,0,15.84091,0,0,0.93182,0.93182,0,0,0,0,0.93182,0,0,0.93182,0,0,24.22727,0,0,0,0,0,0,0,0,0,0,0,0,0,0
95690,Wy-dit-Joli-Village,0,0,0,0,0,0,0,0,0,0,0,0,0,0,0,0,0,0,1.00113,4.05792,0,0,0,0,0,0,0,0,0,0,10.02533,0,0,2.97772,0,0,0,0,0,0,0,0,1.00113,0,0,24.0295,0,0,5.03252,0,0,0,0,0,0.98795,0,0,0.97495,0,0,34.85863,0,0,3.01691,0,0,0,0,0,0,0,0,1.01448,0,0,59.84972,0,0,2.02896,0,0,0,0,0,0,0,0,1.00113,0,0
