"CODGEO_26";"LIBGEO_26";"pp_vacant_26";"pp_vacant_plus_2ans_26";"ff_pp_total_25";"pp_vacant_25";"pp_vacant_plus_2ans_25";"ff_pp_total_24";"pp_vacant_24";"pp_vacant_plus_2ans_24";"ff_pp_total_23";"pp_vacant_23";"pp_vacant_plus_2ans_23";"ff_pp_total_22";"pp_vacant_22";"pp_vacant_plus_2ans_22";"ff_pp_total_21";"pp_vacant_21";"pp_vacant_plus_2ans_21";"ff_pp_total_20";"pp_vacant_20";"pp_vacant_plus_2ans_20";"EPCI_26";"LIB_EPCI_26";"DEP";"LIB_DEP";"REG";"LIB_REG"
"95002";"Ableiges";"43";"11";"s";"23";"11";"s";"42";"s";"s";"41";"s";"s";"31";"s";"s";"29";"s";"s";"34";"s";"200035970";"Communauté de communes Vexin Centre";"95";"Val-d'Oise";"11";"Île-de-France"
"95008";"Aincourt";"37";"20";"360";"34";"23";"360";"43";"s";"367";"43";"16";"371";"40";"14";"369";"40";"18";"367";"34";"17";"249500513";"Communauté de communes du Vexin-Val de Seine";"95";"Val-d'Oise";"11";"Île-de-France"
"95011";"Ambleville";"15";"s";"s";"s";"s";"s";"13";"s";"s";"13";"s";"s";"13";"s";"s";"18";"s";"s";"14";"s";"249500513";"Communauté de communes du Vexin-Val de Seine";"95";"Val-d'Oise";"11";"Île-de-France"
"95012";"Amenucourt";"12";"s";"s";"s";"s";"s";"s";"s";"s";"15";"s";"s";"12";"s";"s";"s";"s";"s";"s";"s";"249500513";"Communauté de communes du Vexin-Val de Seine";"95";"Val-d'Oise";"11";"Île-de-France"
"95014";"Andilly";"75";"32";"861";"62";"30";"864";"100";"27";"871";"107";"21";"851";"75";"14";"864";"82";"25";"862";"92";"27";"200056380";"Communauté d'agglomération Plaine Vallée";"95";"Val-d'Oise";"11";"Île-de-France"
"95018";"Argenteuil";"2901";"905";"33402";"2106";"1131";"33100";"4125";"632";"32860";"3592";"323";"32696";"3388";"409";"32385";"3724";"503";"31643";"3367";"427";"200054781";"Métropole du Grand Paris";"95";"Val-d'Oise";"11";"Île-de-France"
"95019";"Arnouville";"380";"109";"4974";"248";"137";"4973";"468";"130";"4979";"402";"92";"4977";"370";"99";"4948";"329";"78";"4946";"352";"63";"200055655";"Communauté d'agglomération Roissy Pays de France";"95";"Val-d'Oise";"11";"Île-de-France"
"95023";"Arronville";"16";"s";"s";"17";"s";"s";"20";"s";"s";"26";"s";"s";"18";"s";"s";"15";"s";"s";"15";"s";"249500430";"Communauté de communes Sausseron Impressionnistes";"95";"Val-d'Oise";"11";"Île-de-France"
"95024";"Arthies";"21";"s";"s";"15";"s";"s";"15";"s";"s";"17";"s";"s";"19";"s";"s";"21";"s";"s";"20";"s";"249500513";"Communauté de communes du Vexin-Val de Seine";"95";"Val-d'Oise";"11";"Île-de-France"
"95026";"Asnières-sur-Oise";"69";"29";"1196";"44";"27";"1196";"82";"s";"1196";"82";"22";"1194";"81";"22";"1188";"71";"21";"1187";"117";"26";"200073013";"Communauté de communes Carnelle Pays-de-France";"95";"Val-d'Oise";"11";"Île-de-France"
"95028";"Attainville";"32";"s";"630";"22";"11";"627";"51";"s";"608";"31";"14";"607";"38";"s";"606";"37";"s";"610";"58";"12";"200056380";"Communauté d'agglomération Plaine Vallée";"95";"Val-d'Oise";"11";"Île-de-France"
"95039";"Auvers-sur-Oise";"191";"54";"3089";"138";"71";"3076";"238";"38";"3061";"238";"38";"3058";"203";"45";"3010";"246";"64";"3009";"248";"62";"249500430";"Communauté de communes Sausseron Impressionnistes";"95";"Val-d'Oise";"11";"Île-de-France"
"95040";"Avernes";"32";"11";"s";"21";"s";"s";"34";"s";"s";"38";"12";"s";"28";"s";"s";"32";"s";"s";"26";"s";"200035970";"Communauté de communes Vexin Centre";"95";"Val-d'Oise";"11";"Île-de-France"
"95042";"Baillet-en-France";"56";"14";"900";"29";"14";"898";"44";"s";"891";"110";"s";"819";"64";"13";"790";"45";"13";"785";"45";"s";"200073013";"Communauté de communes Carnelle Pays-de-France";"95";"Val-d'Oise";"11";"Île-de-France"
"95046";"Banthelu";"s";"s";"63";"s";"s";"62";"s";"s";"s";"s";"s";"s";"s";"s";"s";"s";"s";"s";"s";"s";"249500513";"Communauté de communes du Vexin-Val de Seine";"95";"Val-d'Oise";"11";"Île-de-France"
"95051";"Beauchamp";"176";"28";"3667";"95";"42";"3654";"219";"43";"3634";"267";"28";"3575";"269";"30";"3550";"237";"20";"3431";"197";"17";"200058485";"Communauté d'agglomération Val Parisis";"95";"Val-d'Oise";"11";"Île-de-France"
"95052";"Beaumont-sur-Oise";"408";"128";"3879";"335";"159";"3802";"468";"120";"3800";"560";"104";"3759";"438";"107";"3697";"574";"148";"3674";"674";"145";"249500489";"Communauté de communes du Haut Val d'Oise";"95";"Val-d'Oise";"11";"Île-de-France"
"95054";"Le Bellay-en-Vexin";"s";"s";"s";"s";"s";"s";"s";"s";"s";"s";"s";"s";"s";"s";"s";"s";"s";"s";"11";"s";"200035970";"Communauté de communes Vexin Centre";"95";"Val-d'Oise";"11";"Île-de-France"
"95055";"Bellefontaine";"20";"s";"s";"13";"s";"s";"18";"s";"s";"21";"s";"s";"21";"s";"s";"17";"s";"s";"22";"s";"200073013";"Communauté de communes Carnelle Pays-de-France";"95";"Val-d'Oise";"11";"Île-de-France"
"95056";"Belloy-en-France";"65";"21";"930";"43";"22";"920";"72";"s";"908";"60";"13";"884";"67";"11";"877";"52";"12";"870";"66";"14";"200073013";"Communauté de communes Carnelle Pays-de-France";"95";"Val-d'Oise";"11";"Île-de-France"
"95058";"Bernes-sur-Oise";"47";"15";"761";"20";"s";"721";"40";"s";"711";"40";"11";"718";"36";"14";"708";"31";"16";"703";"61";"17";"249500489";"Communauté de communes du Haut Val d'Oise";"95";"Val-d'Oise";"11";"Île-de-France"
"95059";"Berville";"11";"s";"s";"s";"s";"s";"s";"s";"s";"s";"s";"s";"12";"s";"s";"14";"s";"s";"20";"s";"200035970";"Communauté de communes Vexin Centre";"95";"Val-d'Oise";"11";"Île-de-France"
"95060";"Bessancourt";"177";"30";"3110";"86";"43";"3044";"216";"28";"2990";"370";"24";"2812";"171";"33";"2686";"146";"28";"2680";"209";"19";"200058485";"Communauté d'agglomération Val Parisis";"95";"Val-d'Oise";"11";"Île-de-France"
"95061";"Béthemont-la-Forêt";"13";"s";"184";"s";"s";"184";"s";"s";"184";"s";"s";"184";"s";"s";"183";"s";"s";"182";"s";"s";"249500455";"Communauté de communes de la Vallée de l'Oise et des Trois Forêts";"95";"Val-d'Oise";"11";"Île-de-France"
"95063";"Bezons";"1033";"347";"11218";"770";"454";"10895";"1537";"171";"10601";"1389";"95";"10221";"1881";"86";"9478";"1552";"128";"8887";"1264";"135";"200058519";"Communauté d'agglomération Saint Germain Boucles de Seine";"95";"Val-d'Oise";"11";"Île-de-France"
"95074";"Boisemont";"21";"s";"s";"18";"s";"s";"26";"s";"s";"17";"s";"s";"26";"s";"s";"44";"11";"s";"33";"s";"249500109";"Communauté d'agglomération de Cergy-Pontoise";"95";"Val-d'Oise";"11";"Île-de-France"
"95078";"Boissy-l'Aillerie";"70";"30";"857";"55";"32";"852";"73";"s";"843";"72";"23";"836";"132";"25";"758";"58";"15";"750";"57";"14";"200035970";"Communauté de communes Vexin Centre";"95";"Val-d'Oise";"11";"Île-de-France"
"95088";"Bonneuil-en-France";"22";"s";"427";"12";"s";"428";"40";"s";"429";"35";"s";"430";"38";"17";"430";"34";"s";"428";"46";"s";"200055655";"Communauté d'agglomération Roissy Pays de France";"95";"Val-d'Oise";"11";"Île-de-France"
"95091";"Bouffémont";"79";"12";"1812";"34";"18";"1807";"68";"16";"1797";"111";"11";"1752";"86";"s";"1748";"76";"s";"1738";"88";"s";"200056380";"Communauté d'agglomération Plaine Vallée";"95";"Val-d'Oise";"11";"Île-de-France"
"95094";"Bouqueval";"13";"s";"s";"s";"s";"s";"s";"s";"s";"23";"s";"s";"23";"s";"s";"19";"s";"s";"23";"11";"200055655";"Communauté d'agglomération Roissy Pays de France";"95";"Val-d'Oise";"11";"Île-de-France"
"95101";"Bray-et-Lû";"20";"s";"332";"13";"s";"323";"24";"s";"320";"26";"s";"321";"24";"s";"321";"25";"12";"318";"32";"13";"249500513";"Communauté de communes du Vexin-Val de Seine";"95";"Val-d'Oise";"11";"Île-de-France"
"95102";"Bréançon";"14";"s";"s";"s";"s";"s";"14";"s";"s";"17";"s";"s";"14";"s";"s";"16";"s";"s";"27";"s";"200035970";"Communauté de communes Vexin Centre";"95";"Val-d'Oise";"11";"Île-de-France"
"95110";"Brignancourt";"s";"s";"100";"s";"s";"100";"s";"s";"100";"s";"s";"98";"s";"s";"89";"s";"s";"87";"s";"0";"200035970";"Communauté de communes Vexin Centre";"95";"Val-d'Oise";"11";"Île-de-France"
"95116";"Bruyères-sur-Oise";"68";"17";"1419";"33";"17";"1416";"85";"s";"1414";"85";"s";"1412";"247";"s";"1184";"60";"15";"1181";"108";"20";"249500489";"Communauté de communes du Haut Val d'Oise";"95";"Val-d'Oise";"11";"Île-de-France"
"95119";"Buhy";"s";"s";"s";"s";"s";"s";"s";"s";"s";"11";"s";"157";"11";"s";"154";"11";"s";"153";"17";"s";"249500513";"Communauté de communes du Vexin-Val de Seine";"95";"Val-d'Oise";"11";"Île-de-France"
"95120";"Butry-sur-Oise";"40";"s";"812";"29";"12";"806";"51";"s";"807";"41";"s";"806";"49";"s";"801";"47";"s";"800";"42";"s";"249500430";"Communauté de communes Sausseron Impressionnistes";"95";"Val-d'Oise";"11";"Île-de-France"
"95127";"Cergy";"1790";"216";"21132";"1221";"518";"20972";"3456";"380";"20311";"2943";"174";"19480";"2565";"204";"19141";"2524";"269";"18735";"2696";"288";"249500109";"Communauté d'agglomération de Cergy-Pontoise";"95";"Val-d'Oise";"11";"Île-de-France"
"95134";"Champagne-sur-Oise";"102";"21";"1819";"63";"31";"1812";"166";"12";"1810";"174";"s";"1747";"93";"12";"1730";"106";"21";"1721";"142";"17";"249500489";"Communauté de communes du Haut Val d'Oise";"95";"Val-d'Oise";"11";"Île-de-France"
"95139";"La Chapelle-en-Vexin";"s";"s";"137";"s";"s";"138";"s";"s";"s";"s";"s";"s";"s";"s";"s";"s";"s";"s";"11";"s";"249500513";"Communauté de communes du Vexin-Val de Seine";"95";"Val-d'Oise";"11";"Île-de-France"
"95141";"Charmont";"s";"s";"16";"s";"s";"16";"s";"0";"16";"s";"0";"16";"s";"s";"17";"s";"s";"17";"s";"0";"249500513";"Communauté de communes du Vexin-Val de Seine";"95";"Val-d'Oise";"11";"Île-de-France"
"95142";"Chars";"88";"38";"812";"59";"38";"811";"86";"28";"813";"100";"29";"808";"81";"34";"808";"82";"40";"809";"94";"33";"200035970";"Communauté de communes Vexin Centre";"95";"Val-d'Oise";"11";"Île-de-France"
"95144";"Châtenay-en-France";"0";"0";"s";"0";"0";"s";"s";"s";"s";"s";"0";"s";"s";"0";"s";"s";"0";"s";"s";"0";"200073013";"Communauté de communes Carnelle Pays-de-France";"95";"Val-d'Oise";"11";"Île-de-France"
"95149";"Chaumontel";"114";"36";"1477";"64";"42";"1473";"91";"27";"1462";"105";"30";"1458";"117";"26";"1457";"142";"31";"1387";"83";"33";"200073013";"Communauté de communes Carnelle Pays-de-France";"95";"Val-d'Oise";"11";"Île-de-France"
"95150";"Chaussy";"15";"s";"317";"17";"s";"317";"22";"s";"318";"30";"11";"317";"28";"s";"317";"35";"15";"314";"35";"14";"249500513";"Communauté de communes du Vexin-Val de Seine";"95";"Val-d'Oise";"11";"Île-de-France"
"95151";"Chauvry";"15";"s";"136";"s";"s";"137";"s";"s";"s";"11";"s";"s";"s";"s";"s";"11";"s";"s";"12";"s";"249500455";"Communauté de communes de la Vallée de l'Oise et des Trois Forêts";"95";"Val-d'Oise";"11";"Île-de-France"
"95154";"Chennevières-lès-Louvres";"s";"s";"s";"s";"s";"s";"s";"s";"s";"13";"s";"s";"14";"s";"s";"12";"s";"s";"13";"s";"200055655";"Communauté d'agglomération Roissy Pays de France";"95";"Val-d'Oise";"11";"Île-de-France"
"95157";"Chérence";"s";"s";"106";"s";"s";"103";"s";"s";"103";"s";"s";"103";"12";"s";"103";"11";"s";"103";"s";"s";"249500513";"Communauté de communes du Vexin-Val de Seine";"95";"Val-d'Oise";"11";"Île-de-France"
"95166";"Cléry-en-Vexin";"s";"s";"s";"s";"s";"s";"19";"s";"s";"22";"s";"s";"14";"s";"s";"12";"s";"s";"15";"s";"200035970";"Communauté de communes Vexin Centre";"95";"Val-d'Oise";"11";"Île-de-France"
"95169";"Commeny";"11";"s";"242";"s";"s";"241";"13";"s";"240";"15";"s";"240";"13";"s";"237";"s";"s";"235";"15";"s";"200035970";"Communauté de communes Vexin Centre";"95";"Val-d'Oise";"11";"Île-de-France"
"95170";"Condécourt";"23";"11";"s";"15";"s";"s";"38";"s";"s";"22";"s";"s";"14";"s";"s";"11";"s";"s";"14";"s";"200035970";"Communauté de communes Vexin Centre";"95";"Val-d'Oise";"11";"Île-de-France"
"95176";"Cormeilles-en-Parisis";"696";"147";"10754";"407";"206";"10415";"783";"107";"10274";"873";"49";"10185";"849";"47";"10054";"1047";"68";"9631";"970";"120";"200058485";"Communauté d'agglomération Val Parisis";"95";"Val-d'Oise";"11";"Île-de-France"
"95177";"Cormeilles-en-Vexin";"51";"19";"542";"35";"16";"538";"49";"s";"531";"51";"15";"526";"36";"s";"519";"44";"12";"520";"36";"s";"200035970";"Communauté de communes Vexin Centre";"95";"Val-d'Oise";"11";"Île-de-France"
"95181";"Courcelles-sur-Viosne";"12";"s";"s";"s";"s";"s";"s";"s";"s";"13";"s";"s";"s";"s";"s";"s";"s";"s";"s";"s";"200035970";"Communauté de communes Vexin Centre";"95";"Val-d'Oise";"11";"Île-de-France"
"95183";"Courdimanche";"121";"21";"2239";"83";"31";"2234";"136";"23";"2228";"171";"22";"2214";"195";"27";"2147";"164";"24";"2080";"147";"14";"249500109";"Communauté d'agglomération de Cergy-Pontoise";"95";"Val-d'Oise";"11";"Île-de-France"
"95197";"Deuil-la-Barre";"657";"131";"9573";"422";"176";"9589";"910";"177";"9586";"811";"82";"9396";"685";"54";"9363";"631";"73";"9238";"791";"63";"200056380";"Communauté d'agglomération Plaine Vallée";"95";"Val-d'Oise";"11";"Île-de-France"
"95199";"Domont";"414";"84";"5991";"297";"159";"6001";"460";"124";"5975";"506";"88";"5984";"536";"79";"6053";"568";"70";"5943";"645";"51";"200056380";"Communauté d'agglomération Plaine Vallée";"95";"Val-d'Oise";"11";"Île-de-France"
"95203";"Eaubonne";"540";"93";"9475";"345";"132";"9415";"661";"96";"9418";"725";"60";"9271";"683";"57";"9030";"581";"85";"9048";"709";"89";"200058485";"Communauté d'agglomération Val Parisis";"95";"Val-d'Oise";"11";"Île-de-France"
"95205";"Écouen";"183";"49";"2381";"107";"59";"2385";"167";"35";"2385";"173";"25";"2382";"136";"28";"2379";"155";"28";"2381";"156";"20";"200055655";"Communauté d'agglomération Roissy Pays de France";"95";"Val-d'Oise";"11";"Île-de-France"
"95210";"Enghien-les-Bains";"550";"146";"5670";"419";"185";"5648";"736";"166";"5623";"674";"130";"5635";"651";"91";"5587";"668";"92";"5602";"701";"91";"200056380";"Communauté d'agglomération Plaine Vallée";"95";"Val-d'Oise";"11";"Île-de-France"
"95211";"Ennery";"52";"14";"947";"43";"21";"944";"67";"12";"943";"73";"13";"937";"97";"43";"974";"106";"51";"973";"159";"41";"249500430";"Communauté de communes Sausseron Impressionnistes";"95";"Val-d'Oise";"11";"Île-de-France"
"95212";"Épiais-lès-Louvres";"s";"s";"66";"s";"s";"66";"13";"s";"66";"11";"s";"64";"15";"s";"64";"16";"s";"62";"12";"s";"200055655";"Communauté d'agglomération Roissy Pays de France";"95";"Val-d'Oise";"11";"Île-de-France"
"95213";"Épiais-Rhus";"24";"s";"s";"15";"s";"s";"19";"s";"s";"18";"s";"s";"12";"s";"s";"12";"s";"s";"s";"s";"249500430";"Communauté de communes Sausseron Impressionnistes";"95";"Val-d'Oise";"11";"Île-de-France"
"95214";"Épinay-Champlâtreux";"s";"s";"26";"s";"s";"26";"s";"s";"25";"s";"s";"25";"s";"s";"26";"s";"s";"26";"s";"s";"200073013";"Communauté de communes Carnelle Pays-de-France";"95";"Val-d'Oise";"11";"Île-de-France"
"95218";"Éragny-sur-Oise";"293";"43";"5622";"199";"86";"5557";"323";"39";"5544";"332";"30";"5520";"314";"39";"5417";"423";"70";"5369";"374";"50";"249500109";"Communauté d'agglomération de Cergy-Pontoise";"95";"Val-d'Oise";"11";"Île-de-France"
"95219";"Ermont";"584";"80";"9225";"346";"106";"9204";"641";"90";"9136";"575";"61";"9323";"547";"62";"9230";"555";"76";"9269";"598";"98";"200058485";"Communauté d'agglomération Val Parisis";"95";"Val-d'Oise";"11";"Île-de-France"
"95229";"Ézanville";"201";"47";"3474";"147";"71";"3481";"252";"59";"3466";"293";"47";"3424";"299";"48";"3350";"195";"32";"3351";"234";"31";"200056380";"Communauté d'agglomération Plaine Vallée";"95";"Val-d'Oise";"11";"Île-de-France"
"95241";"Fontenay-en-Parisis";"45";"17";"773";"41";"24";"771";"65";"15";"768";"67";"13";"760";"60";"19";"758";"59";"19";"755";"67";"s";"200055655";"Communauté d'agglomération Roissy Pays de France";"95";"Val-d'Oise";"11";"Île-de-France"
"95250";"Fosses";"204";"66";"3263";"115";"65";"3259";"194";"50";"3254";"184";"39";"3238";"170";"44";"3233";"162";"43";"3181";"207";"34";"200055655";"Communauté d'agglomération Roissy Pays de France";"95";"Val-d'Oise";"11";"Île-de-France"
"95252";"Franconville";"878";"123";"14542";"512";"173";"14374";"1138";"149";"14307";"1125";"87";"14126";"1239";"89";"13907";"938";"86";"13599";"1027";"69";"200058485";"Communauté d'agglomération Val Parisis";"95";"Val-d'Oise";"11";"Île-de-France"
"95253";"Frémainville";"16";"s";"s";"18";"s";"s";"12";"s";"s";"19";"s";"s";"13";"s";"s";"11";"s";"s";"13";"s";"200035970";"Communauté de communes Vexin Centre";"95";"Val-d'Oise";"11";"Île-de-France"
"95254";"Frémécourt";"17";"s";"s";"13";"s";"s";"16";"s";"s";"18";"s";"s";"16";"s";"s";"13";"s";"s";"s";"s";"200035970";"Communauté de communes Vexin Centre";"95";"Val-d'Oise";"11";"Île-de-France"
"95256";"Frépillon";"50";"s";"1135";"32";"13";"1133";"56";"13";"1133";"63";"s";"1132";"55";"11";"1129";"37";"s";"1127";"57";"s";"200058485";"Communauté d'agglomération Val Parisis";"95";"Val-d'Oise";"11";"Île-de-France"
"95257";"La Frette-sur-Seine";"168";"45";"2072";"93";"44";"2065";"170";"25";"2057";"146";"13";"2061";"179";"13";"2061";"224";"27";"2040";"140";"28";"200058485";"Communauté d'agglomération Val Parisis";"95";"Val-d'Oise";"11";"Île-de-France"
"95258";"Frouville";"s";"s";"s";"s";"s";"s";"s";"0";"s";"s";"0";"s";"s";"s";"s";"s";"s";"s";"14";"s";"249500430";"Communauté de communes Sausseron Impressionnistes";"95";"Val-d'Oise";"11";"Île-de-France"
"95268";"Garges-lès-Gonesse";"592";"170";"8147";"399";"252";"8132";"865";"225";"8116";"769";"167";"7968";"593";"148";"7954";"521";"130";"7929";"605";"126";"200055655";"Communauté d'agglomération Roissy Pays de France";"95";"Val-d'Oise";"11";"Île-de-France"
"95270";"Genainville";"26";"14";"s";"26";"s";"s";"33";"s";"s";"30";"s";"s";"32";"s";"s";"20";"s";"s";"21";"s";"249500513";"Communauté de communes du Vexin-Val de Seine";"95";"Val-d'Oise";"11";"Île-de-France"
"95271";"Génicourt";"11";"s";"202";"s";"s";"202";"15";"s";"202";"12";"s";"202";"14";"s";"201";"18";"s";"202";"17";"s";"249500430";"Communauté de communes Sausseron Impressionnistes";"95";"Val-d'Oise";"11";"Île-de-France"
"95277";"Gonesse";"394";"133";"6273";"279";"162";"6270";"591";"124";"6263";"687";"103";"6058";"539";"94";"5975";"400";"73";"5867";"397";"78";"200055655";"Communauté d'agglomération Roissy Pays de France";"95";"Val-d'Oise";"11";"Île-de-France"
"95280";"Goussainville";"690";"242";"8224";"476";"316";"8219";"826";"246";"8186";"766";"206";"8189";"720";"219";"8153";"759";"158";"8104";"875";"140";"200055655";"Communauté d'agglomération Roissy Pays de France";"95";"Val-d'Oise";"11";"Île-de-France"
"95287";"Grisy-les-Plâtres";"35";"13";"s";"27";"s";"s";"27";"s";"s";"46";"26";"s";"39";"25";"s";"36";"s";"s";"37";"s";"200035970";"Communauté de communes Vexin Centre";"95";"Val-d'Oise";"11";"Île-de-France"
"95288";"Groslay";"242";"80";"3258";"156";"95";"3246";"310";"65";"3244";"260";"37";"3198";"230";"34";"3193";"253";"39";"3191";"279";"37";"200056380";"Communauté d'agglomération Plaine Vallée";"95";"Val-d'Oise";"11";"Île-de-France"
"95295";"Guiry-en-Vexin";"s";"s";"s";"s";"s";"s";"s";"s";"s";"s";"s";"s";"s";"s";"s";"s";"s";"s";"s";"0";"200035970";"Communauté de communes Vexin Centre";"95";"Val-d'Oise";"11";"Île-de-France"
"95298";"Haravilliers";"16";"s";"s";"11";"s";"s";"16";"s";"s";"21";"s";"s";"21";"s";"s";"24";"s";"s";"17";"s";"200035970";"Communauté de communes Vexin Centre";"95";"Val-d'Oise";"11";"Île-de-France"
"95301";"Haute-Isle";"11";"s";"218";"s";"s";"218";"11";"s";"219";"16";"s";"219";"13";"s";"s";"16";"s";"s";"21";"s";"249500513";"Communauté de communes du Vexin-Val de Seine";"95";"Val-d'Oise";"11";"Île-de-France"
"95303";"Le Heaulme";"s";"s";"s";"s";"s";"s";"s";"s";"s";"s";"s";"s";"s";"0";"s";"s";"0";"s";"s";"0";"200035970";"Communauté de communes Vexin Centre";"95";"Val-d'Oise";"11";"Île-de-France"
"95304";"Hédouville";"s";"s";"s";"s";"s";"s";"s";"s";"142";"s";"s";"142";"s";"s";"140";"12";"s";"140";"s";"s";"249500430";"Communauté de communes Sausseron Impressionnistes";"95";"Val-d'Oise";"11";"Île-de-France"
"95306";"Herblay-sur-Seine";"676";"146";"11232";"427";"186";"11230";"875";"88";"11300";"971";"63";"11282";"983";"62";"11045";"800";"77";"11019";"1048";"137";"200058485";"Communauté d'agglomération Val Parisis";"95";"Val-d'Oise";"11";"Île-de-France"
"95308";"Hérouville-en-Vexin";"18";"s";"s";"14";"s";"s";"22";"s";"s";"22";"s";"s";"18";"s";"s";"24";"s";"s";"22";"s";"249500430";"Communauté de communes Sausseron Impressionnistes";"95";"Val-d'Oise";"11";"Île-de-France"
"95309";"Hodent";"13";"s";"s";"s";"s";"s";"11";"s";"s";"14";"s";"s";"16";"s";"s";"18";"s";"s";"12";"s";"249500513";"Communauté de communes du Vexin-Val de Seine";"95";"Val-d'Oise";"11";"Île-de-France"
"95313";"L'Isle-Adam";"416";"82";"5694";"274";"123";"5679";"557";"91";"5675";"607";"59";"5625";"629";"51";"5463";"615";"71";"5222";"712";"104";"249500455";"Communauté de communes de la Vallée de l'Oise et des Trois Forêts";"95";"Val-d'Oise";"11";"Île-de-France"
"95316";"Jagny-sous-Bois";"s";"0";"s";"s";"s";"s";"17";"s";"s";"17";"s";"s";"15";"s";"s";"17";"s";"s";"19";"s";"200073013";"Communauté de communes Carnelle Pays-de-France";"95";"Val-d'Oise";"11";"Île-de-France"
"95323";"Jouy-le-Moutier";"220";"28";"5271";"130";"41";"5156";"305";"25";"4968";"316";"19";"4866";"337";"18";"4656";"270";"31";"4534";"353";"20";"249500109";"Communauté d'agglomération de Cergy-Pontoise";"95";"Val-d'Oise";"11";"Île-de-France"
"95328";"Labbeville";"28";"13";"s";"22";"s";"s";"21";"s";"s";"44";"28";"306";"47";"28";"306";"67";"37";"s";"59";"39";"249500430";"Communauté de communes Sausseron Impressionnistes";"95";"Val-d'Oise";"11";"Île-de-France"
"95331";"Lassy";"12";"s";"s";"s";"s";"s";"s";"s";"s";"s";"s";"s";"s";"s";"s";"s";"s";"s";"s";"s";"200073013";"Communauté de communes Carnelle Pays-de-France";"95";"Val-d'Oise";"11";"Île-de-France"
"95341";"Livilliers";"s";"s";"s";"s";"s";"s";"s";"s";"s";"17";"s";"s";"12";"s";"s";"14";"s";"s";"11";"s";"249500430";"Communauté de communes Sausseron Impressionnistes";"95";"Val-d'Oise";"11";"Île-de-France"
"95348";"Longuesse";"16";"s";"s";"15";"s";"s";"19";"s";"s";"16";"s";"s";"16";"s";"s";"20";"s";"s";"17";"s";"200035970";"Communauté de communes Vexin Centre";"95";"Val-d'Oise";"11";"Île-de-France"
"95351";"Louvres";"276";"82";"3896";"190";"111";"3884";"397";"104";"3814";"407";"112";"3752";"391";"112";"3632";"437";"93";"3554";"495";"85";"200055655";"Communauté d'agglomération Roissy Pays de France";"95";"Val-d'Oise";"11";"Île-de-France"
"95352";"Luzarches";"203";"81";"2072";"135";"82";"2063";"221";"66";"2047";"269";"62";"2034";"197";"64";"1963";"216";"54";"1939";"184";"51";"200073013";"Communauté de communes Carnelle Pays-de-France";"95";"Val-d'Oise";"11";"Île-de-France"
"95353";"Maffliers";"56";"21";"847";"33";"19";"s";"83";"24";"s";"92";"20";"s";"61";"20";"s";"56";"17";"s";"99";"18";"200073013";"Communauté de communes Carnelle Pays-de-France";"95";"Val-d'Oise";"11";"Île-de-France"
"95355";"Magny-en-Vexin";"236";"107";"2054";"186";"117";"2041";"229";"76";"2022";"271";"71";"2161";"234";"92";"2151";"242";"97";"2138";"253";"86";"249500513";"Communauté de communes du Vexin-Val de Seine";"95";"Val-d'Oise";"11";"Île-de-France"
"95365";"Mareil-en-France";"32";"18";"294";"23";"s";"293";"39";"s";"292";"36";"11";"286";"31";"15";"284";"33";"11";"277";"36";"s";"200073013";"Communauté de communes Carnelle Pays-de-France";"95";"Val-d'Oise";"11";"Île-de-France"
"95369";"Margency";"59";"12";"1216";"40";"16";"1211";"97";"16";"1185";"60";"11";"1183";"57";"22";"1182";"67";"22";"1181";"98";"27";"200056380";"Communauté d'agglomération Plaine Vallée";"95";"Val-d'Oise";"11";"Île-de-France"
"95370";"Marines";"125";"52";"1425";"98";"64";"1414";"161";"63";"1402";"184";"60";"1388";"163";"68";"1373";"155";"64";"1373";"163";"57";"200035970";"Communauté de communes Vexin Centre";"95";"Val-d'Oise";"11";"Île-de-France"
"95371";"Marly-la-Ville";"166";"53";"2196";"95";"60";"2158";"158";"39";"2152";"128";"33";"2139";"159";"28";"2071";"117";"33";"2055";"122";"41";"200055655";"Communauté d'agglomération Roissy Pays de France";"95";"Val-d'Oise";"11";"Île-de-France"
"95379";"Maudétour-en-Vexin";"11";"s";"s";"s";"s";"s";"s";"s";"s";"11";"s";"s";"s";"s";"s";"s";"s";"s";"s";"s";"249500513";"Communauté de communes du Vexin-Val de Seine";"95";"Val-d'Oise";"11";"Île-de-France"
"95387";"Menouville";"s";"s";"s";"s";"s";"s";"s";"s";"s";"s";"s";"s";"s";"s";"s";"12";"s";"s";"11";"s";"249500430";"Communauté de communes Sausseron Impressionnistes";"95";"Val-d'Oise";"11";"Île-de-France"
"95388";"Menucourt";"80";"18";"1837";"56";"21";"1835";"80";"14";"1830";"107";"21";"1828";"104";"28";"1817";"68";"21";"1773";"95";"17";"249500109";"Communauté d'agglomération de Cergy-Pontoise";"95";"Val-d'Oise";"11";"Île-de-France"
"95392";"Mériel";"117";"21";"2096";"74";"28";"2092";"141";"22";"2081";"130";"s";"2056";"148";"16";"1990";"125";"23";"1981";"134";"24";"249500455";"Communauté de communes de la Vallée de l'Oise et des Trois Forêts";"95";"Val-d'Oise";"11";"Île-de-France"
"95394";"Méry-sur-Oise";"195";"52";"3349";"126";"45";"3337";"254";"29";"3315";"226";"36";"3294";"187";"40";"3234";"205";"54";"3216";"273";"63";"249500455";"Communauté de communes de la Vallée de l'Oise et des Trois Forêts";"95";"Val-d'Oise";"11";"Île-de-France"
"95395";"Le Mesnil-Aubry";"29";"16";"363";"21";"s";"360";"30";"s";"s";"25";"s";"s";"24";"s";"s";"24";"s";"s";"31";"s";"200055655";"Communauté d'agglomération Roissy Pays de France";"95";"Val-d'Oise";"11";"Île-de-France"
"95409";"Moisselles";"45";"s";"574";"38";"17";"554";"48";"s";"550";"39";"s";"550";"31";"11";"550";"47";"s";"546";"45";"s";"200056380";"Communauté d'agglomération Plaine Vallée";"95";"Val-d'Oise";"11";"Île-de-France"
"95422";"Montgeroult";"25";"s";"s";"15";"s";"s";"16";"s";"178";"22";"s";"178";"19";"s";"178";"17";"s";"s";"19";"s";"200035970";"Communauté de communes Vexin Centre";"95";"Val-d'Oise";"11";"Île-de-France"
"95424";"Montigny-lès-Cormeilles";"331";"75";"5943";"214";"102";"5891";"572";"63";"5756";"462";"33";"5679";"440";"26";"5642";"605";"54";"5717";"410";"75";"200058485";"Communauté d'agglomération Val Parisis";"95";"Val-d'Oise";"11";"Île-de-France"
"95426";"Montlignon";"92";"25";"1251";"49";"26";"1253";"137";"20";"1242";"97";"19";"1200";"97";"29";"1202";"103";"30";"1198";"108";"24";"200056380";"Communauté d'agglomération Plaine Vallée";"95";"Val-d'Oise";"11";"Île-de-France"
"95427";"Montmagny";"309";"72";"4719";"195";"100";"4639";"475";"67";"4603";"372";"45";"4601";"309";"41";"4437";"377";"45";"4422";"409";"57";"200056380";"Communauté d'agglomération Plaine Vallée";"95";"Val-d'Oise";"11";"Île-de-France"
"95428";"Montmorency";"770";"211";"8746";"541";"248";"8668";"946";"224";"8648";"868";"135";"8654";"710";"118";"8604";"801";"139";"8619";"846";"154";"200056380";"Communauté d'agglomération Plaine Vallée";"95";"Val-d'Oise";"11";"Île-de-France"
"95429";"Montreuil-sur-Epte";"11";"s";"s";"11";"s";"s";"15";"s";"s";"19";"s";"s";"18";"s";"s";"13";"s";"s";"11";"s";"249500513";"Communauté de communes du Vexin-Val de Seine";"95";"Val-d'Oise";"11";"Île-de-France"
"95430";"Montsoult";"84";"24";"1451";"56";"31";"1448";"93";"25";"1442";"89";"24";"1438";"73";"26";"1433";"81";"23";"1432";"145";"25";"200073013";"Communauté de communes Carnelle Pays-de-France";"95";"Val-d'Oise";"11";"Île-de-France"
"95436";"Mours";"31";"s";"s";"16";"s";"s";"34";"s";"s";"30";"s";"s";"20";"s";"s";"51";"s";"s";"48";"s";"249500489";"Communauté de communes du Haut Val d'Oise";"95";"Val-d'Oise";"11";"Île-de-France"
"95438";"Moussy";"s";"s";"s";"s";"s";"s";"s";"0";"s";"s";"s";"s";"s";"0";"s";"s";"0";"s";"s";"s";"200035970";"Communauté de communes Vexin Centre";"95";"Val-d'Oise";"11";"Île-de-France"
"95445";"Nerville-la-Forêt";"35";"12";"s";"18";"s";"s";"27";"s";"s";"26";"13";"s";"23";"s";"s";"26";"13";"s";"51";"13";"249500455";"Communauté de communes de la Vallée de l'Oise et des Trois Forêts";"95";"Val-d'Oise";"11";"Île-de-France"
"95446";"Nesles-la-Vallée";"54";"13";"873";"37";"20";"879";"68";"21";"880";"72";"20";"879";"55";"19";"852";"63";"17";"852";"96";"15";"249500430";"Communauté de communes Sausseron Impressionnistes";"95";"Val-d'Oise";"11";"Île-de-France"
"95447";"Neuilly-en-Vexin";"s";"s";"s";"s";"s";"s";"s";"0";"s";"s";"0";"s";"12";"0";"s";"s";"0";"s";"s";"0";"200035970";"Communauté de communes Vexin Centre";"95";"Val-d'Oise";"11";"Île-de-France"
"95450";"Neuville-sur-Oise";"42";"11";"666";"34";"14";"667";"48";"s";"667";"50";"s";"673";"54";"12";"670";"52";"15";"669";"52";"12";"249500109";"Communauté d'agglomération de Cergy-Pontoise";"95";"Val-d'Oise";"11";"Île-de-France"
"95452";"Nointel";"21";"s";"403";"18";"s";"s";"24";"s";"s";"37";"s";"s";"21";"s";"s";"33";"s";"s";"36";"12";"249500489";"Communauté de communes du Haut Val d'Oise";"95";"Val-d'Oise";"11";"Île-de-France"
"95456";"Noisy-sur-Oise";"24";"13";"312";"26";"s";"312";"34";"s";"310";"29";"12";"309";"32";"12";"316";"39";"13";"316";"48";"15";"249500489";"Communauté de communes du Haut Val d'Oise";"95";"Val-d'Oise";"11";"Île-de-France"
"95459";"Nucourt";"33";"18";"295";"25";"s";"294";"31";"s";"s";"22";"s";"294";"24";"s";"293";"16";"s";"s";"29";"12";"200035970";"Communauté de communes Vexin Centre";"95";"Val-d'Oise";"11";"Île-de-France"
"95462";"Omerville";"s";"s";"s";"s";"s";"s";"s";"s";"s";"s";"s";"s";"s";"s";"s";"s";"s";"s";"s";"s";"249500513";"Communauté de communes du Vexin-Val de Seine";"95";"Val-d'Oise";"11";"Île-de-France"
"95476";"Osny";"296";"59";"5636";"183";"90";"5594";"430";"68";"5548";"479";"38";"5476";"384";"45";"5418";"328";"40";"5377";"339";"27";"249500109";"Communauté d'agglomération de Cergy-Pontoise";"95";"Val-d'Oise";"11";"Île-de-France"
"95480";"Parmain";"102";"22";"2211";"78";"43";"2211";"137";"27";"2203";"144";"22";"2194";"112";"25";"2154";"138";"36";"2144";"211";"38";"249500455";"Communauté de communes de la Vallée de l'Oise et des Trois Forêts";"95";"Val-d'Oise";"11";"Île-de-France"
"95483";"Le Perchay";"s";"s";"183";"s";"s";"184";"11";"s";"184";"14";"s";"184";"15";"s";"183";"s";"s";"182";"s";"s";"200035970";"Communauté de communes Vexin Centre";"95";"Val-d'Oise";"11";"Île-de-France"
"95487";"Persan";"407";"141";"3738";"274";"141";"3658";"457";"96";"3593";"392";"81";"3551";"342";"93";"3462";"489";"138";"3434";"662";"129";"249500489";"Communauté de communes du Haut Val d'Oise";"95";"Val-d'Oise";"11";"Île-de-France"
"95488";"Pierrelaye";"209";"38";"3064";"120";"46";"3028";"272";"36";"2990";"305";"25";"2935";"311";"39";"2859";"357";"53";"2728";"352";"40";"200058485";"Communauté d'agglomération Val Parisis";"95";"Val-d'Oise";"11";"Île-de-France"
"95489";"Piscop";"22";"s";"s";"14";"s";"s";"30";"s";"s";"27";"s";"296";"22";"s";"296";"27";"s";"295";"26";"s";"200056380";"Communauté d'agglomération Plaine Vallée";"95";"Val-d'Oise";"11";"Île-de-France"
"95491";"Le Plessis-Bouchard";"172";"24";"3566";"117";"34";"3534";"263";"17";"3468";"230";"11";"3358";"151";"13";"3323";"152";"17";"3320";"159";"17";"200058485";"Communauté d'agglomération Val Parisis";"95";"Val-d'Oise";"11";"Île-de-France"
"95492";"Le Plessis-Gassot";"s";"s";"s";"s";"s";"s";"s";"s";"s";"12";"s";"s";"s";"s";"s";"s";"s";"s";"s";"s";"200055655";"Communauté d'agglomération Roissy Pays de France";"95";"Val-d'Oise";"11";"Île-de-France"
"95493";"Le Plessis-Luzarches";"s";"s";"s";"s";"s";"s";"s";"s";"s";"s";"s";"s";"s";"s";"s";"s";"s";"s";"14";"s";"200073013";"Communauté de communes Carnelle Pays-de-France";"95";"Val-d'Oise";"11";"Île-de-France"
"95500";"Pontoise";"1001";"226";"10740";"731";"290";"10606";"1620";"293";"10483";"1727";"188";"10166";"1465";"226";"10459";"1350";"150";"10445";"1476";"115";"249500109";"Communauté d'agglomération de Cergy-Pontoise";"95";"Val-d'Oise";"11";"Île-de-France"
"95504";"Presles";"122";"30";"1772";"85";"48";"1761";"145";"26";"1762";"139";"33";"1752";"141";"37";"1719";"145";"46";"1712";"190";"72";"249500455";"Communauté de communes de la Vallée de l'Oise et des Trois Forêts";"95";"Val-d'Oise";"11";"Île-de-France"
"95509";"Puiseux-en-France";"72";"21";"1435";"45";"19";"1433";"78";"15";"1433";"83";"11";"1427";"78";"18";"1425";"99";"15";"1386";"64";"13";"200055655";"Communauté d'agglomération Roissy Pays de France";"95";"Val-d'Oise";"11";"Île-de-France"
"95510";"Puiseux-Pontoise";"14";"s";"201";"s";"s";"201";"s";"s";"202";"17";"s";"202";"16";"s";"202";"s";"s";"198";"s";"s";"249500109";"Communauté d'agglomération de Cergy-Pontoise";"95";"Val-d'Oise";"11";"Île-de-France"
"95523";"La Roche-Guyon";"24";"12";"253";"20";"s";"254";"31";"s";"253";"51";"21";"253";"44";"18";"253";"42";"20";"249";"38";"21";"249500513";"Communauté de communes du Vexin-Val de Seine";"95";"Val-d'Oise";"11";"Île-de-France"
"95527";"Roissy-en-France";"96";"30";"935";"73";"39";"936";"130";"42";"938";"152";"48";"935";"141";"48";"936";"139";"43";"957";"129";"21";"200055655";"Communauté d'agglomération Roissy Pays de France";"95";"Val-d'Oise";"11";"Île-de-France"
"95529";"Ronquerolles";"21";"s";"394";"14";"s";"393";"26";"s";"387";"42";"s";"379";"20";"s";"372";"21";"s";"372";"38";"s";"249500489";"Communauté de communes du Haut Val d'Oise";"95";"Val-d'Oise";"11";"Île-de-France"
"95535";"Sagy";"32";"19";"s";"31";"17";"s";"40";"12";"s";"41";"11";"s";"53";"12";"s";"41";"14";"s";"32";"15";"200035970";"Communauté de communes Vexin Centre";"95";"Val-d'Oise";"11";"Île-de-France"
"95539";"Saint-Brice-sous-Forêt";"319";"76";"4853";"208";"107";"4846";"434";"94";"4843";"408";"66";"4830";"339";"61";"4813";"362";"57";"4802";"336";"41";"200056380";"Communauté d'agglomération Plaine Vallée";"95";"Val-d'Oise";"11";"Île-de-France"
"95541";"Saint-Clair-sur-Epte";"33";"18";"343";"27";"s";"342";"31";"s";"342";"39";"s";"361";"41";"15";"358";"50";"18";"353";"35";"14";"249500513";"Communauté de communes du Vexin-Val de Seine";"95";"Val-d'Oise";"11";"Île-de-France"
"95543";"Saint-Cyr-en-Arthies";"s";"s";"s";"s";"s";"s";"s";"s";"s";"s";"s";"s";"s";"s";"s";"s";"s";"s";"s";"s";"249500513";"Communauté de communes du Vexin-Val de Seine";"95";"Val-d'Oise";"11";"Île-de-France"
"95554";"Saint-Gervais";"35";"12";"s";"22";"s";"s";"33";"s";"s";"33";"s";"s";"28";"12";"s";"32";"s";"s";"32";"s";"249500513";"Communauté de communes du Vexin-Val de Seine";"95";"Val-d'Oise";"11";"Île-de-France"
"95555";"Saint-Gratien";"435";"81";"7096";"291";"125";"7089";"554";"77";"7078";"524";"41";"7070";"533";"50";"6970";"423";"42";"6957";"621";"40";"200056380";"Communauté d'agglomération Plaine Vallée";"95";"Val-d'Oise";"11";"Île-de-France"
"95563";"Saint-Leu-la-Forêt";"449";"112";"6888";"319";"145";"6515";"514";"154";"6489";"569";"108";"6366";"444";"116";"6336";"564";"123";"6294";"508";"106";"200058485";"Communauté d'agglomération Val Parisis";"95";"Val-d'Oise";"11";"Île-de-France"
"95566";"Saint-Martin-du-Tertre";"97";"61";"885";"78";"65";"880";"104";"60";"898";"131";"80";"886";"114";"74";"912";"111";"72";"911";"134";"71";"200073013";"Communauté de communes Carnelle Pays-de-France";"95";"Val-d'Oise";"11";"Île-de-France"
"95572";"Saint-Ouen-l'Aumône";"519";"105";"7530";"319";"139";"7418";"667";"91";"7382";"621";"73";"7367";"691";"76";"7207";"605";"99";"7259";"802";"88";"249500109";"Communauté d'agglomération de Cergy-Pontoise";"95";"Val-d'Oise";"11";"Île-de-France"
"95574";"Saint-Prix";"215";"104";"2865";"169";"115";"2779";"235";"112";"2764";"245";"106";"2740";"255";"119";"2729";"285";"116";"2718";"231";"120";"200056380";"Communauté d'agglomération Plaine Vallée";"95";"Val-d'Oise";"11";"Île-de-France"
"95580";"Saint-Witz";"62";"14";"1146";"30";"15";"1089";"78";"s";"1057";"140";"20";"974";"79";"20";"940";"58";"16";"940";"47";"15";"200055655";"Communauté d'agglomération Roissy Pays de France";"95";"Val-d'Oise";"11";"Île-de-France"
"95582";"Sannois";"770";"218";"9985";"524";"281";"9717";"996";"181";"9838";"1221";"90";"9774";"1366";"100";"9436";"1238";"130";"8805";"926";"161";"200058485";"Communauté d'agglomération Val Parisis";"95";"Val-d'Oise";"11";"Île-de-France"
"95584";"Santeuil";"21";"s";"s";"s";"s";"s";"20";"s";"s";"17";"s";"s";"15";"s";"s";"21";"s";"s";"11";"s";"200035970";"Communauté de communes Vexin Centre";"95";"Val-d'Oise";"11";"Île-de-France"
"95585";"Sarcelles";"870";"243";"11031";"612";"347";"11026";"1326";"326";"10804";"1296";"218";"10760";"1315";"193";"10314";"991";"209";"10295";"942";"199";"200055655";"Communauté d'agglomération Roissy Pays de France";"95";"Val-d'Oise";"11";"Île-de-France"
"95592";"Seraincourt";"64";"24";"s";"42";"22";"s";"58";"14";"s";"66";"18";"s";"45";"24";"s";"59";"19";"s";"53";"16";"200035970";"Communauté de communes Vexin Centre";"95";"Val-d'Oise";"11";"Île-de-France"
"95594";"Seugy";"33";"13";"s";"26";"s";"s";"36";"s";"s";"41";"s";"s";"36";"s";"s";"43";"13";"s";"36";"s";"200073013";"Communauté de communes Carnelle Pays-de-France";"95";"Val-d'Oise";"11";"Île-de-France"
"95598";"Soisy-sous-Montmorency";"458";"116";"6461";"397";"227";"6572";"704";"181";"6547";"584";"82";"6543";"539";"99";"6511";"471";"87";"6356";"504";"101";"200056380";"Communauté d'agglomération Plaine Vallée";"95";"Val-d'Oise";"11";"Île-de-France"
"95604";"Survilliers";"135";"30";"1499";"83";"37";"1459";"136";"32";"1437";"117";"29";"1431";"117";"36";"1431";"109";"28";"1434";"133";"27";"200055655";"Communauté d'agglomération Roissy Pays de France";"95";"Val-d'Oise";"11";"Île-de-France"
"95607";"Taverny";"562";"93";"9533";"340";"131";"9530";"702";"110";"9463";"643";"85";"9518";"647";"76";"9487";"579";"78";"9360";"674";"62";"200058485";"Communauté d'agglomération Val Parisis";"95";"Val-d'Oise";"11";"Île-de-France"
"95610";"Théméricourt";"12";"s";"s";"s";"s";"126";"12";"s";"125";"14";"s";"124";"12";"s";"124";"11";"s";"124";"s";"s";"200035970";"Communauté de communes Vexin Centre";"95";"Val-d'Oise";"11";"Île-de-France"
"95611";"Theuville";"36";"s";"s";"35";"s";"s";"36";"s";"s";"39";"s";"s";"11";"s";"s";"s";"s";"s";"s";"s";"200035970";"Communauté de communes Vexin Centre";"95";"Val-d'Oise";"11";"Île-de-France"
"95612";"Le Thillay";"135";"55";"1791";"99";"66";"1776";"173";"58";"1769";"179";"57";"1767";"182";"47";"1765";"163";"40";"1746";"169";"29";"200055655";"Communauté d'agglomération Roissy Pays de France";"95";"Val-d'Oise";"11";"Île-de-France"
"95625";"Us";"44";"15";"s";"27";"14";"s";"44";"s";"s";"47";"12";"s";"50";"14";"s";"38";"12";"s";"38";"s";"200035970";"Communauté de communes Vexin Centre";"95";"Val-d'Oise";"11";"Île-de-France"
"95627";"Vallangoujard";"23";"11";"s";"15";"s";"s";"20";"s";"s";"25";"s";"s";"22";"s";"s";"24";"s";"s";"36";"s";"249500430";"Communauté de communes Sausseron Impressionnistes";"95";"Val-d'Oise";"11";"Île-de-France"
"95628";"Valmondois";"36";"s";"636";"25";"12";"634";"60";"s";"618";"45";"12";"615";"35";"s";"614";"52";"11";"613";"67";"16";"249500430";"Communauté de communes Sausseron Impressionnistes";"95";"Val-d'Oise";"11";"Île-de-France"
"95633";"Vaudherland";"s";"s";"s";"s";"s";"s";"s";"0";"s";"s";"0";"s";"s";"s";"s";"s";"s";"s";"s";"s";"200055655";"Communauté d'agglomération Roissy Pays de France";"95";"Val-d'Oise";"11";"Île-de-France"
"95637";"Vauréal";"216";"29";"4906";"136";"39";"4897";"250";"28";"4887";"290";"20";"4844";"255";"35";"4809";"204";"35";"4776";"259";"31";"249500109";"Communauté d'agglomération de Cergy-Pontoise";"95";"Val-d'Oise";"11";"Île-de-France"
"95641";"Vémars";"96";"30";"1076";"56";"31";"1072";"91";"26";"1069";"135";"30";"1030";"150";"33";"1058";"140";"23";"962";"96";"19";"200055655";"Communauté d'agglomération Roissy Pays de France";"95";"Val-d'Oise";"11";"Île-de-France"
"95651";"Vétheuil";"55";"23";"532";"51";"28";"522";"61";"16";"525";"80";"27";"524";"71";"32";"524";"65";"32";"526";"59";"24";"249500513";"Communauté de communes du Vexin-Val de Seine";"95";"Val-d'Oise";"11";"Île-de-France"
"95652";"Viarmes";"155";"65";"2370";"113";"74";"2357";"188";"58";"2361";"194";"51";"2341";"197";"61";"2318";"189";"64";"2299";"282";"66";"200073013";"Communauté de communes Carnelle Pays-de-France";"95";"Val-d'Oise";"11";"Île-de-France"
"95656";"Vienne-en-Arthies";"16";"s";"s";"13";"s";"s";"16";"s";"s";"25";"s";"s";"17";"s";"234";"20";"s";"s";"26";"s";"249500513";"Communauté de communes du Vexin-Val de Seine";"95";"Val-d'Oise";"11";"Île-de-France"
"95658";"Vigny";"27";"13";"458";"22";"s";"459";"32";"s";"455";"48";"21";"451";"45";"26";"451";"52";"27";"450";"45";"24";"200035970";"Communauté de communes Vexin Centre";"95";"Val-d'Oise";"11";"Île-de-France"
"95660";"Villaines-sous-Bois";"19";"s";"321";"s";"s";"320";"18";"s";"s";"13";"s";"314";"18";"s";"312";"19";"s";"302";"24";"s";"200073013";"Communauté de communes Carnelle Pays-de-France";"95";"Val-d'Oise";"11";"Île-de-France"
"95675";"Villeron";"65";"26";"692";"45";"s";"687";"148";"25";"610";"84";"26";"594";"82";"27";"534";"56";"19";"s";"73";"15";"200055655";"Communauté d'agglomération Roissy Pays de France";"95";"Val-d'Oise";"11";"Île-de-France"
"95676";"Villers-en-Arthies";"21";"s";"s";"20";"s";"s";"19";"s";"s";"29";"16";"s";"36";"15";"s";"29";"17";"s";"28";"13";"249500513";"Communauté de communes du Vexin-Val de Seine";"95";"Val-d'Oise";"11";"Île-de-France"
"95678";"Villiers-Adam";"24";"s";"s";"20";"s";"s";"31";"s";"385";"28";"s";"381";"20";"s";"381";"23";"s";"380";"23";"s";"249500455";"Communauté de communes de la Vallée de l'Oise et des Trois Forêts";"95";"Val-d'Oise";"11";"Île-de-France"
"95680";"Villiers-le-Bel";"581";"234";"6200";"457";"307";"5882";"819";"220";"5749";"760";"144";"5721";"545";"120";"5603";"561";"107";"5593";"590";"87";"200055655";"Communauté d'agglomération Roissy Pays de France";"95";"Val-d'Oise";"11";"Île-de-France"
"95682";"Villiers-le-Sec";"19";"s";"s";"16";"s";"s";"17";"s";"s";"18";"s";"s";"16";"s";"s";"20";"s";"s";"15";"s";"200073013";"Communauté de communes Carnelle Pays-de-France";"95";"Val-d'Oise";"11";"Île-de-France"
"95690";"Wy-dit-Joli-Village";"15";"s";"s";"15";"s";"s";"13";"s";"s";"18";"s";"s";"12";"s";"s";"s";"s";"s";"s";"s";"249500513";"Communauté de communes du Vexin-Val de Seine";"95";"Val-d'Oise";"11";"Île-de-France"
